drug_name	drug_smiles	Description
BRD-K38615104	Cc1n[nH]c2ccc(cc12)-c1cncc(OC[C@@H](N)Cc2c[nH]c3ccccc23)c1	AKT inhibitor
BRD-K12357156	Oc1ccc(C=C(C#N)C(=O)NCc2ccccc2)cc1O	EGFR inhibitor
BRD-K81209512	Oc1ccc(C=C(C#N)C(=O)Nc2ccccc2)cc1O	EGFR inhibitor
BRD-K04887706	O=c1[nH]c2ccccc2n1C3CCN(Cc4ccc(cc4)c5nc6cc7[nH]cnc7cc6nc5c8ccccc8)CC3	AKT inhibitor
BRD-K28296557	CC[n+]1c(/C=C/N(C)c2ccccc2)n(c3ccccc3)c4ccc(cc14)c5nc6ccccc6s5	AKT inhibitor
BRD-A11813248	CN(CCc1ccc(Cl)c(Cl)c1)CC(O)COc1ccc(NS(C)(=O)=O)cc1	Potassium channel blocker
BRD-K81729199	CCN(CC)CCCCC1CCN(CC(=O)N2c3ccccc3C(=O)Nc3cccnc23)CC1	Acetylcholine receptor antagonist
BRD-K93188295	COc1ccccc1N1CCN(CCN2C(=O)c3ccccc3C(C)(C)C2=O)CC1	Adrenergic receptor antagonist
BRD-K13390322	Clc1cccc(Cl)c1C(=O)Nc1c[nH]nc1C(=O)NC1CCNCC1	CDK inhibitor
BRD-K40919711	CC(=O)OCOC(=O)CN(CC(=O)OCOC(=O)C)c1ccccc1OCCOc2ccccc2N(CC(=O)OCOC(=O)C)CC(=O)OCOC(=O)C	Potassium channel blocker
BRD-K36864847	CN(C)CCN(C)CCc1ccc(Cl)c(Cl)c1	Adrenergic receptor antagonist
BRD-K49294207	CCN(CC)CC1CCN(CC1)c1ncc2ncnc(Nc3ccc(F)c(Cl)c3)c2n1	EGFR inhibitor
BRD-K70914287	CN1CCC(CC1)Nc1ncc2ncnc(Nc3ccc(F)c(Cl)c3)c2n1	EGFR inhibitor
BRD-K32584078	OC(=O)c1ccc2nc(c3ccccc3)c(nc2c1)c4ccccc4	AKT inhibitor
BRD-K31054881	COc1ccccc1N1CCN(CCN2C(=O)CC3(CCCC3)CC2=O)CC1	Adrenergic receptor antagonist
BRD-K45479396	C(COc1ccc2OCOc2c1)CN1CCN(CC1)c1ccccc1	Serotonin receptor agonist
BRD-K52219182	CCCn1c2nc(N)nn2cc(C)c1=O	Phosphodiesterase inhibitor
BRD-K63784565	CC[C@@]1(O)C(=O)OCc2c1cc1-c3nc4ccc(O)cc4cc3Cn1c2=O	Topoisomerase inhibitor
BRD-K66782112	NC(=O)CCCCn1ccc(N=C(N)NCC(F)(F)F)n1	Histamine receptor antagonist
BRD-K66896231	Nc1c2CCCc2nc2CCCCc12	Acetylcholinesterase inhibitor
BRD-A51829654	OC(CN1CCN(CC1)c1cccc(Cl)c1)C(c1ccccc1)c1ccccc1	Serotonin receptor antagonist
BRD-K07507905	C[C@H](Cc1ccc(OCC(O)=O)cc1)NC[C@H](O)c1cccc(Cl)c1	Adrenergic receptor agonist
BRD-K84266862	CN(C)S(=O)(=O)c1cc(ccc1C)[N+]([O-])=O	Phosphodiesterase inhibitor
BRD-K17868609	CN1CCC(CC1)c1c[nH]c2ccc(O)cc12	Serotonin receptor agonist
BRD-A17428743	CC(N)Cc1c[nH]c2ccc(OCc3cccs3)cc12	Serotonin receptor agonist
BRD-K87932577	Nc1n[nH]c2nc3ccccc3nc12	CDK inhibitor
BRD-K71860425	Nc1cc(Nc2ccc(cc2)S(=O)(=O)N)ncn1	CDK inhibitor
BRD-A34706053	CC(C)(C)NCC(O)COc1cccc2[nH]c(=O)[nH]c12	Adrenergic receptor agonist
BRD-A31575449	Cn1cc(nc1c2ccc(OCC(O)CNCCOc3ccc(O)c(c3)C(=O)N)cc2)C(F)(F)F	Adrenergic receptor antagonist
BRD-K32292990	Fc1ccc(Nc2cc3C(=O)NC(=O)c3cc2Nc2ccc(F)cc2)cc1	EGFR inhibitor
BRD-K79090631	OCCCNc1cc(ccn1)c2ccnc(Nc3cccc(Cl)c3)n2	CDK inhibitor
BRD-K18909381	CN1CCN(CC1)c2nc3cc(ccc3n4cccc24)C(F)(F)F	Serotonin receptor agonist
BRD-K76908866	COCC(=O)NCC=Cc1ccc2ncnc(Nc3ccc(Oc4ccc(C)nc4)c(C)c3)c2c1	EGFR inhibitor
BRD-K81876028	O=c1ccc2[nH]cc(C3=CCNCC3)c2[nH]1	Serotonin receptor agonist
BRD-K33860217	CCCOc1ccc2[nH]cc(C3=CCNCC3)c2n1	Serotonin receptor agonist
BRD-K15519488	C1CCN(CC1)C1(CCCCC1)c1cc2ccccc2s1	Dopamine receptor agonist
BRD-K31633810	CN1[C@H]2CC[C@@H]1C[C@@H](C2)OC(=O)N1Cc2ccccc2NC1=O	Acetylcholine receptor antagonist
BRD-K26573499	CN(C)c1ccc(cc1)C=C1CCCN=C/1c1cccnc1	Adrenergic receptor agonist
BRD-K99922388	CC(C)[C@@H]1CC[C@@H](C)C[C@@H]1P(=O)(c1ccccc1)c1ccccc1	Potassium channel blocker
BRD-K80315159	CCN(CC)CCOc1ccc(Cc2ccccc2)cc1	Histamine receptor antagonist
BRD-K41713976	Cc1cccc(CCN2CCC(CC2)C(=O)c2ccc(NS(C)(=O)=O)cc2)n1	Potassium channel blocker
BRD-K47659338	Cc1[nH]c2ccc(Cl)cc2c1C1=CCNCC1	Serotonin receptor agonist
BRD-K50891186	COc1ccccc1N1CCN(CCCCNC(=O)c2ccc(cc2)-c2ccc(cc2)C(C)=O)CC1	Dopamine receptor antagonist
BRD-K49945136	Cn1cc(C(=O)OCC2CCN(CCNS(C)(=O)=O)CC2)c2ccccc12	Serotonin receptor antagonist
BRD-K11911061	COc1ccc(NC(=O)c2ccc(cc2)-c2ccc(cc2C)-c2noc(C)n2)cc1N1CCN(C)CC1	Serotonin receptor antagonist
BRD-K68190965	COc1ccc(CNC(=O)C=Cc2ccc3[nH]cc(CCN(C)C)c3c2)cc1	Serotonin receptor agonist
BRD-K46441700	CN(C)CCCc1cc(ccc1O)C(=O)Nc2ccc(cc2)c3ccncc3	Serotonin receptor antagonist
BRD-K82983861	Cc1nc(sc1CSc1ccc(OCC(O)=O)c(C)c1)-c1ccc(c(F)c1)C(F)(F)F	PPAR receptor agonist
BRD-A15415227	CN(CCOc1ccc(CC(Nc2ccccc2C(=O)c2ccccc2)C(O)=O)cc1)c1ccccn1	PPAR receptor agonist
BRD-K14880289	Cc1nc(sc1CSc1ccc(OCC(O)=O)c(C)c1)-c1ccc(cc1)C(F)(F)F	PPAR receptor agonist
BRD-K79930101	CS(=O)(=O)CCNCc1nc(cs1)-c1ccc2ncnc(Nc3ccc(OCc4cccc(F)c4)c(Cl)c3)c2c1	EGFR inhibitor
BRD-K96263742	CC(C)(Sc1ccc(CCN(CCCCC2CCCCC2)C(=O)NC2CCCCC2)cc1)C(O)=O	PPAR receptor agonist
BRD-A24429032	Oc1ccc(CCNCC2CCc3ccccc3C2=O)cc1	Adrenergic receptor antagonist
BRD-K86465814	CCCCC[C@H](O)/C=C/C=CCCCCCCCC(=O)O	PPAR receptor agonist
BRD-A66435872	CC(CCCCC(=O)Nc1ccc(cc1)C(F)(F)F)NCCc1c[nH]cn1	Histamine receptor agonist
BRD-A78942461	CC(C)NC(C)C(O)COc1ccc(C)c2CCCc21	Adrenergic receptor antagonist
BRD-A03359064	OC(CNCCNC(=O)Nc1ccccc1)COc1ccccc1C#N	Adrenergic receptor antagonist
BRD-K26429091	CC(=CCCN1CCC(CC1)NC(=O)[C@@](O)(C2CCCC2)c3ccccc3)C	Acetylcholine receptor antagonist
BRD-K15086322	CN1CCN(CC1)C(=O)c1nc2ccc(Cl)cc2[nH]1	Histamine receptor antagonist
BRD-K11636097	Nc1nc(Nc2ccc(cc2)S(N)(=O)=O)nn1C(=O)c1c(F)cccc1F	CDK inhibitor
BRD-K68407802	COc1cc2ncnc(Nc3cc(Br)c(O)c(Br)c3)c2cc1OC	EGFR inhibitor
BRD-K40656405	CCCc1c(O)c(CC=O)ccc1OCCCOc2ccc(OCC(=O)O)cc2	PPAR receptor agonist
BRD-K18816859	CS(=O)(=O)Nc1ccc(Cc2noc(n2)-c2ccc3[nH]cc(CCN)c3c2)cc1	Serotonin receptor agonist
BRD-K05181463	OC1(CCN(Cc2c[nH]c3ccccc23)CC1)c4ccc(Cl)cc4	Dopamine receptor antagonist
BRD-K13211965	Cc1c(noc1-c1ccc(Cl)cc1)C1CCN(CCc2ccccc2)CC1	Dopamine receptor antagonist
BRD-K05528470	Clc1ccc(cc1)N1CCN(Cc2c[nH]c3ncccc23)CC1	Dopamine receptor antagonist
BRD-K28806945	Ic1ccc(cc1)N2CCN(Cc3c[nH]c4ncccc34)CC2	Dopamine receptor antagonist
BRD-A93206962	CCCCCCNC(=O)Nc1ccc(cc1)S(=O)(=O)Nc2ccc(CCNCC(O)COc3ccc(O)cc3)cc2	Adrenergic receptor agonist
BRD-K01648091	CN1CCc2c(Cc3ccccc3CC1)[nH]c4ccccc24	Dopamine receptor antagonist
BRD-A44551378	CC(=O)C(C#N)C(=O)Nc1ccc(OC(F)(F)F)cc1	EGFR inhibitor
BRD-K13261168	CCCN1CCC[C@@H]2Cc3nc(N)ncc3C[C@@H]12	Dopamine receptor agonist
BRD-K14282469	Nc1ccc(CCN2CCN(CC2)c3cccc(c3)C(F)(F)F)cc1	Serotonin receptor antagonist
BRD-A12016240	CN1C2CCC1CC(C2)NC(=O)c3nn(C)c4ccccc34	Serotonin receptor antagonist
BRD-K95899059	CN(C)[C@@H]1CCc2[nH]c3ccc(NC(=O)c4ccc(F)cc4)cc3c2C1	Serotonin receptor agonist
BRD-K64746805	Clc1ccc2ncnc(NCc3ccc4OCOc4c3)c2c1	Phosphodiesterase inhibitor
BRD-A62057054	OC(C1CCN(CCc2ccccc2)CC1)c1ccccc1	Serotonin receptor antagonist
BRD-A17453586	O=C1CC2(CCCC2)CC(=O)N1CCCCNCC1COc2ccccc2O1	Serotonin receptor agonist
BRD-A50764878	O=C1CC2(CCCC2)CC(=O)N1CCNCC1COc2ccccc2O1	Serotonin receptor antagonist
BRD-K19554809	Clc1cncc(n1)N2CCNCC2	Serotonin receptor agonist
BRD-K68065987	NC1(CCC1)c1ccc(cc1)-c1nc2ccn3c(n[nH]c3=O)c2cc1-c1ccccc1	AKT inhibitor
BRD-K53878242	COCc1nc2c(=O)n(C)c(=O)n(CC(C)C)c2[nH]1	Phosphodiesterase inhibitor
BRD-K90524085	Clc1cccc(Nc2nnc(-c3ccccc3)c3ccccc23)c1	Phosphodiesterase inhibitor
BRD-K69195780	COc1ccccc1N1CCN(CCCCN2C(=O)c3ccccc3C2=O)CC1	Serotonin receptor agonist
BRD-A23683907	C(Oc1cccc2C=C(CN3CCOCC3)COc12)C4CNCCO4	Serotonin receptor antagonist
BRD-K05181084	Clc1cccc(N2CCN(CCCCNC(=O)c3ccc-4c(Cc5ccccc-45)c3)CC2)c1Cl	Dopamine receptor antagonist
BRD-A89337244	CCOC(=O)c1c(C)[nH]c2ccc3OC4N(CCc5cc(OC)ccc45)Cc3c12	Acetylcholine receptor antagonist
BRD-K48735772	CNc1cc2c(Nc3cccc(Br)c3)ncnc2cn1	EGFR inhibitor
BRD-K47761761	Cc1cccc(c1)C(=O)NCN1CCN(CC1)c1ccccc1C#N	Dopamine receptor agonist
BRD-A70268693	CC(C(=O)OC1CC2CCC(C1)N2C)c1ccc(Br)cc1	Acetylcholine receptor agonist
BRD-K64800655	CC(C)CC(=O)Nc1n[nH]c2c1CN(C(=O)C1CCN(C)CC1)C2(C)C	CDK inhibitor
BRD-K76568384	Oc1ccc(cc1)-c1c(nn2c(cc(nc12)C(F)(F)F)C(F)(F)F)-c1ccccc1	Estrogen receptor antagonist
BRD-K71731651	COc1cc(OC)c(NC(=O)Nc2cc(C)on2)cc1Cl	Acetylcholine receptor agonist
BRD-K16551401	Cn1c2CCNCCc2c2ccccc12	Serotonin receptor agonist
BRD-A95096829	Fc1ccc(cc1)N2CCN(CCC3OCCc4ccccc34)CC2	Dopamine receptor antagonist
BRD-K16977723	Nc1ncnc2n(ncc12)c3ccccc3	EGFR inhibitor
BRD-K15588452	COc1cccc(CCc2ccccc2OCC[C@@H]2C[C@@H](O)CN2C)c1	Serotonin receptor antagonist
BRD-K21853356	Clc1cc(Cl)cc(/C=C(C#N)/c2cccnc2)c1	EGFR inhibitor
BRD-K79684402	Cc1ncc(CN2CCC(=CC2)c2ccccc2)c(N)n1	Dopamine receptor agonist
BRD-K44899736	NCCNC(=O)c1ccc(Cl)cc1	Monoamine oxidase inhibitor
BRD-K78373679	O=C1N=C(NCc2cccs2)SC1=C/c1ccc2ncccc2c1	CDK inhibitor
BRD-A49370193	CC(N)Cn1ccc2cc(F)c(Cl)cc12	Serotonin receptor agonist
BRD-K08640512	Cc1c[nH]c(=O)n(CCCN2CCN(CC2)c2ccccc2OCC(F)(F)F)c1=O	Adrenergic receptor antagonist
BRD-K87048468	COc1cc(OC)c(cc1NS(=O)(=O)c1ccc(cc1)C(F)(F)F)C(=O)CCCCN1CCC2(CC1)NC(=O)NC2=O	Serotonin receptor antagonist
BRD-K80725821	CC(C)n1cnc2c(cc(Cl)cc12)C(=O)N[C@H]1CN2CCC1CC2	Serotonin receptor antagonist
BRD-K76840893	CC(C)(Cc1c[nH]c2ccc(Cl)cc12)NCCOc1ccccc1OCC1CC1	Adrenergic receptor antagonist
BRD-K20742498	COc1cc(COc2cc(N)c(Cl)cc2C(=O)CCC2CCN(CCNS(C)(=O)=O)CC2)cc(OC)c1	Serotonin receptor antagonist
BRD-K86600316	CCS(=O)(=O)N1CCC[C@@H]2CN3CCc4cc(OC)ccc4[C@@H]3C[C@H]12	Adrenergic receptor antagonist
BRD-K00234327	COc1ccc2[nH]cc(C3=CCNCC3)c2c1	Serotonin receptor agonist
BRD-A65597028	COC1(COc2ccccc2O1)C1=NCCN1	Adrenergic receptor antagonist
BRD-K43290182	CNc1cc(NS(=O)(=O)c2ccc(N)cc2)nc(NC)n1	Serotonin receptor antagonist
BRD-K46766488	COc1ccc2cccc(N3CCN(CCNC(=O)c4ccc(F)cc4)CC3)c2c1	Serotonin receptor agonist
BRD-K77677632	Cn1ccc2cc(NC(=O)Nc3cccnc3)ccc12	Serotonin receptor antagonist
BRD-K27141178	O=C(OCCN1CCCCC1)c1c[nH]c2ccccc12	Serotonin receptor antagonist
BRD-K36395411	Cn1ccc2cc3N(CCc3cc12)C(=O)Nc1cccnc1	Serotonin receptor antagonist
BRD-K30867024	COc1ccc(NC(=O)c2ccc(cc2)-c2ccc(cc2C)-c2noc(C)n2)cc1OCCN(C)C	Serotonin receptor antagonist
BRD-K14807180	CSc1cc2CCN(C(=O)Nc3cccnc3)c2cc1C(F)(F)F	Serotonin receptor antagonist
BRD-K80639402	COc1ccc(NS(=O)(=O)c2ccc(I)cc2)cc1N1CCN(C)CC1	Serotonin receptor antagonist
BRD-K24201553	CC1CCN(CC[C@H]2CCCN2S(=O)(=O)c2cccc(O)c2)CC1	Serotonin receptor antagonist
BRD-K45435259	CN1CCc2cc(Cl)c(O)cc2[C@H](C1)c1ccccc1	Dopamine receptor antagonist
BRD-K55748775	Cc1nc2c(OCc3ccccc3)cccn2c1CC#N	ATPase inhibitor
BRD-K15868788	CCN(CC)CCOC(=O)c1cc(Cl)c(N)cc1OC	Serotonin receptor antagonist
BRD-A64227845	Oc1cc2CCN(CC=C)CC(c3ccccc3)c2cc1O	Dopamine receptor agonist
BRD-A09828896	Oc1cc2C(CNCCc2c(Cl)c1O)c1ccccc1	Dopamine receptor agonist
BRD-A52588987	CN1CCc2cc(Br)c(O)cc2C(C1)c1ccccc1	Dopamine receptor antagonist
BRD-A36630025	CCc1c2Cn3c(cc4c(COC(=O)C4(O)CC)c3=O)-c2nc5ccc(O)cc15	Topoisomerase inhibitor
BRD-K09397065	NC1CCN(CC1)c1cccc(Cl)n1	Serotonin receptor agonist
BRD-K35430135	CCc1ccccc1OC[C@@H](O)CN[C@H]1CCCc2ccccc12	Adrenergic receptor antagonist
BRD-K19309090	C(CN1CCOCC1)Nc1cc2CCCc3ccccc3-c2nn1	Acetylcholine receptor agonist
BRD-K18905250	CCc1cccc(CC)c1N=C1NCCN1	Adrenergic receptor agonist
BRD-K63516691	COC(=O)c1c(-c2cc(OC)c(OC)c(OC)c2)c2ccnc(OCc3ncccn3)c2c(=O)n1Cc1ccnc(C)c1	Phosphodiesterase inhibitor
BRD-K67352070	CCOc1cncc(C=CCCNC)c1	Acetylcholine receptor agonist
BRD-A31195449	COc1cc(Br)c(OC)c2CC(CN)c21	Serotonin receptor agonist
BRD-K94887716	FC(F)(F)c1cccc(c1)N2CCNCC2	Serotonin receptor agonist
BRD-K70281171	CCCN(CCC)C1Cc2cc(OC)c(OC)cc2C1	Dopamine receptor antagonist
BRD-A14574269	Clc1ccc(cn1)C1=CCCC2CCC1N2	Acetylcholine receptor agonist
BRD-K62206109	C(CC1CCNCC1)Cc2c[nH]cn2	Histamine receptor antagonist
BRD-A62021152	Clc1cc2NC(=O)C3CNCCN3c2cc1Cl	Serotonin receptor agonist
BRD-K55430733	C1CCc2c(C1)n1CCNCc3cccc2c13	Serotonin receptor agonist
BRD-K73293050	CN1CCN(CC1)c1ccc(Nc2ncc(Cl)c(Oc3cccc(NC(=O)C=C)c3)n2)cc1	EGFR inhibitor
BRD-K72420232	COc1cc(ccc1Nc1ncc(Cl)c(Oc2cccc(NC(=O)C=C)c2)n1)N1CCN(C)CC1	EGFR inhibitor
BRD-K42748308	O=C1c2ccccc2C(Cc2ccncc2)(Cc2ccncc2)c2ccccc12	Potassium channel blocker
BRD-K94832621	CC(C)N1CCN(CC1)c1ccc(cc1)C(=O)c1c(sc2cc(O)ccc12)-c1ccc(O)cc1	Estrogen receptor antagonist
BRD-K12932420	CCc1ccc2c(nc(=O)n(CC)c2n1)-c1cccc(Cl)c1	Phosphodiesterase inhibitor
BRD-K64157027	O[C@@H](CNCCOc1ccc(CC(O)=O)cc1)c1ccccc1	Adrenergic receptor agonist
BRD-K45296539	COCCNC(=O)COc1ccc(OCCNC[C@@H](O)COc2ccccc2)cc1	Adrenergic receptor agonist
BRD-K05151076	CCCCCS(=O)(=O)CCCCCCCCCCn1c(c(C)c2cc(O)ccc12)-c1ccc(O)cc1	Estrogen receptor antagonist
BRD-A29260609	CCCC(=O)Nc1ccc(OCC(O)CNC(C)C)c(c1)C(C)=O	Adrenergic receptor antagonist
BRD-K37814297	CN(C)CCCN1c2ccccc2Sc2ccc(cc12)C(C)=O	Dopamine receptor antagonist
BRD-K82381502	CC(=O)OCC[N+](C)(C)C	Acetylcholine receptor agonist
BRD-K66175015	CN(C)CC=CC(=O)Nc1cc2c(Nc3ccc(F)c(Cl)c3)ncnc2cc1O[C@H]1CCOC1	EGFR inhibitor
BRD-A14966924	CC(N)C(=O)OC(C)(C)Cc1ccc(Cl)cc1	Serotonin receptor antagonist
BRD-A09056319	COc1cc2nc(nc(N)c2cc1OC)N(C)CCCNC(=O)C1CCCO1	Adrenergic receptor antagonist
BRD-A49225603	CC(CN(C)C)CN1c2ccccc2Sc2ccccc12	Histamine receptor agonist
BRD-K93658967	CCCCc1c([nH]c2nccnc12)c3ccc(O)cc3	CDK inhibitor
BRD-K46742498	Cc1[nH]cnc1CN1CCc2c(C1=O)c1ccccc1n2C	Serotonin receptor antagonist
BRD-A00993607	CC(C)NCC(O)COc1ccccc1CC=C	Adrenergic receptor antagonist
BRD-K00610438	Fc1ccc(cc1)C(=O)C1CCN(CCn2c(=S)[nH]c3ccccc3c2=O)CC1	Serotonin receptor antagonist
BRD-K87909389	CN1CC[C@@H]([C@H](O)C1)c1c(O)cc(O)c2c1oc(cc2=O)-c1ccccc1Cl	CDK inhibitor
BRD-A69917777	CC(CC(C(N)=O)(c1ccccc1)c1ccccc1)N(C)C	Acetylcholine receptor antagonist
BRD-K17561142	CCCCc1oc2ccccc2c1C(=O)c1cc(I)c(OCCN(CC)CC)c(I)c1	Potassium channel blocker
BRD-A60197193	CCN1CCCC1CNC(=O)c1cc(c(N)cc1OC)S(=O)(=O)CC	Dopamine receptor antagonist
BRD-K91290917	CCN(CC)Cc1cc(Nc2ccnc3cc(Cl)ccc23)ccc1O	Histamine receptor agonist
BRD-K56334280	CN(C)CCN1C(=O)c2cccc3cc(N)cc(C1=O)c23	Topoisomerase inhibitor
BRD-K02265150	Clc1ccc2Oc3ccccc3N=C(N3CCNCC3)c2c1	Norepinephrine reuptake inhibitor
BRD-K52397688	CCNC(=O)N1CCN(CCCC(c2ccc(F)cc2)c2ccc(F)cc2)CC1	Dopamine receptor antagonist
BRD-A16754160	CC1(C)SC2C(NC(=O)C(N)c3ccccc3)C(=O)N2C1C(=O)O	Bacterial cell wall synthesis inhibitor
BRD-K98490050	COc1cc(NS(=O)(=O)C)ccc1Cc2c3ccccc3nc4ccccc24	Topoisomerase inhibitor
BRD-K39670393	Cc1nc(N)sc1CCN	Histamine receptor agonist
BRD-A09062839	CCC(C)(CN(C)C)OC(=O)c1ccccc1	Local anesthetic
BRD-K36638830	C1CC[C@@H](NC1)c2cccnc2	Acetylcholine receptor agonist
BRD-K62200014	Clc1ccc2N=C3NC(=O)CN3Cc2c1Cl	Phosphodiesterase inhibitor
BRD-K52172416	CC(C)(C#N)c1cc(Cn2cncn2)cc(c1)C(C)(C)C#N	Aromatase inhibitor
BRD-A95513702	C[C@@]12CCC3C(CCC4=CC(=O)C=C[C@]34C)C2CCC1=O	Aromatase inhibitor
BRD-K55424922	Clc1cccc(SC2CCNCC2)n1	Serotonin receptor agonist
BRD-K72726508	O=C1NC(=O)c2c1c1c3ccccc3[nH]c1c1[nH]c3ccccc3c21	CDK inhibitor
BRD-K63792901	CC#CCOC(=O)C1=CCCN(C)C1	Acetylcholine receptor agonist
BRD-K23922020	CN1CCC=C(C1)C(=O)OCC#C	Acetylcholine receptor agonist
BRD-K70358946	Clc1cccc(N2CCN(CCCCOc3ccc4CCC(=O)Nc4c3)CC2)c1Cl	Serotonin receptor agonist
BRD-A70514680	CCCNC(C)C(=O)Nc1c(C)csc1C(=O)OC	Local anesthetic
BRD-A79237180	CCCCCCCCCCCCCCCC(=O)OC[C@H](O)[C@@H]1OC(=O)C(=O)C1O	Antioxidant
BRD-A20239487	CC(C)NCC(O)COc1ccc(CC(N)=O)cc1	Adrenergic receptor antagonist
BRD-A75935363	COc1ccc(CC2c3cc(OC)c(OC)cc3CC[N+]2(C)CCC(=O)OCCCCCOC(=O)CC[N+]2(C)CCc3cc(OC)c(OC)cc3C2Cc2ccc(OC)c(OC)c2)cc1OC	Acetylcholine receptor antagonist
BRD-K97061094	OC(C1CCNCC1)(c1ccccc1)c1ccccc1	Histamine receptor antagonist
BRD-K45861246	Fc1ccc(cc1)C(=O)CCCN1CCN(CC1)c1ccccn1	Dopamine receptor antagonist
BRD-A44133049	CN1C(=O)COc2c1cc(Cl)cc2C(=O)NC1CN2CCC1CC2	Serotonin receptor antagonist
BRD-A68888262	CN1CCCC(CC1)n1nc(Cc2ccc(Cl)cc2)c2ccccc2c1=O	Histamine receptor antagonist
BRD-A85587465	CN1C2CCC1CC(C2)OC(=O)c1cc(Cl)cc(Cl)c1	Serotonin receptor antagonist
BRD-K85030058	CCN(CC)CCOC(=O)C(O)(c1ccccc1)c2ccccc2	Acetylcholine receptor antagonist
BRD-A15131297	CCOC(=O)C(CCc1ccccc1)NC2CCc3ccccc3N(CC(=O)O)C2=O	ACE inhibitor
BRD-K79425933	Fc1ccc(cc1)C(=O)CCCN1CCC(CC1)n1c2ccccc2[nH]c1=O	Dopamine receptor antagonist
BRD-A25067867	CN1C2CCC1CC(C2)OC(c3ccccc3)c4ccccc4	Acetylcholine receptor antagonist
BRD-K91699951	CCCCNc1ccc(cc1)C(=O)OCCOCCOCCOCCOCCOCCOCCOCCOCCOC	Local anesthetic
BRD-K21450440	NS(=O)(=O)c1cc2c(cc1Cl)N=C(CSCc1ccccc1)NS2(=O)=O	Carbonic anhydrase inhibitor
BRD-K43796186	C(Nc1ncnc2ccccc12)c3ccccc3	EGFR inhibitor
BRD-K91315211	CNCCc1ccccn1	Histamine receptor agonist
BRD-A02759312	CC(C)NCC(O)COc1ccc(CCOCC2CC2)cc1	Adrenergic receptor antagonist
BRD-A99833829	CC(C[N+](C)(C)C)OC(N)=O	Acetylcholine receptor agonist
BRD-K46018455	CC(C)(Oc1ccc(CCNC(=O)c2ccc(Cl)cc2)cc1)C(O)=O	PPAR receptor agonist
BRD-A36471396	OC(CCN1CCCCC1)(C2C[C@H]3C[C@@H]2C=C3)c4ccccc4	Acetylcholine receptor antagonist
BRD-K32906660	Oc1ccc(/C=C(C#N)/C(=O)NCCCNC(=O)C(=Cc2ccc(O)c(O)c2)C#N)cc1O	EGFR inhibitor
BRD-K49448285	O=C1NC(=O)C(=C1c2c[nH]c3ccccc23)c4c[nH]c5ccccc45	CDK inhibitor
BRD-K06543683	Cn1cc(C2=C(C(=O)NC2=O)c2cn(CCCSC(N)=N)c3ccccc23)c2ccccc12	CDK inhibitor
BRD-A89175223	CC(C)NCC(O)COc1ccc(COCCOC(C)C)cc1	Adrenergic receptor antagonist
BRD-K03440695	COc1cc-2c(C[C@@H]3N(C)CCc4cc(O)c(OC)c2c34)cc1O	Acetylcholine receptor antagonist
BRD-K68264559	Brc1c(NC2=NCCN2)ccc2nccnc12	Adrenergic receptor agonist
BRD-K74913225	CCN[C@H]1CN(CCCOC)S(=O)(=O)c2sc(cc12)S(N)(=O)=O	Carbonic anhydrase inhibitor
BRD-A69960130	CC(C)CC1N2C(=O)C(NC(=O)C3CN(C)C4Cc5c(Br)[nH]c6cccc(C4=C3)c56)(OC2(O)C7CCCN7C1=O)C(C)C	Dopamine receptor agonist
BRD-A68723818	CN(C)CCC(c1ccc(Br)cc1)c1ccccn1	Histamine receptor antagonist
BRD-K25905511	COc1ccc(cc1)c2cc(=O)c3c(O)cc(O[C@H]4O[C@H](CO[C@@H]5O[C@@H](C)[C@H](O)[C@@H](O)[C@H]5O)[C@@H](O)[C@H](O)[C@H]4O)cc3o2	Acetylcholinesterase inhibitor
BRD-K63606607	C[C@@]12CC[C@H]3[C@@H](CC[C@@H]4C[C@@H](O)CC[C@@]43C)[C@@]2(O)CC[C@@H]1c5ccc(=O)oc5	ATPase inhibitor
BRD-K19462402	COc1cc(OC)c(C(=O)CCCN2CCCC2)c(OC)c1	Adrenergic receptor antagonist
BRD-A36267905	CC(CCc1ccccc1)NC(C)C(O)c1ccc(O)cc1	Adrenergic receptor agonist
BRD-K93461745	O=C1CC2(CCCC2)CC(=O)N1CCCCN1CCN(CC1)c1ncccn1	Serotonin receptor agonist
BRD-K17497770	Oc1ccc(C(=O)C=Cc2ccc(O)c(O)c2)c(O)c1	EGFR inhibitor
BRD-A16665823	Clc1ccc(CCC(Cn2ccnc2)Sc2c(Cl)cccc2Cl)cc1	Bacterial cell wall synthesis inhibitor
BRD-A63043573	CCNC(=O)N(CCCN(C)C)C(=O)C1CC2C(Cc3c[nH]c4cccc2c34)N(CC=C)C1	Dopamine receptor agonist
BRD-A30437061	CCC1(O)C(=O)OCc2c1cc3-c4nc5ccccc5cc4Cn3c2=O	Topoisomerase inhibitor
BRD-K50168500	Fc1ccc(Nc2ncnc3cc(OCCCN4CCOCC4)c(NC(=O)C=C)cc23)cc1Cl	EGFR inhibitor
BRD-K54529596	C[C@H](CS)C(=O)N1CCC[C@H]1C(O)=O	ACE inhibitor
BRD-A29426959	CN(C)CCOC(c1ccc(Cl)cc1)c1ccccn1	Histamine receptor antagonist
BRD-K82484965	OC(=O)c1ccc2[nH]cc(CCCCN3CCC(=CC3)c3ccccc3)c2c1	Dopamine receptor agonist
BRD-A15530910	CC(C)OC(=O)c1cc2c(OCC(O)CNC(C)(C)C)cccc2[nH]1	Adrenergic receptor antagonist
BRD-A42167015	CC(C)(C)NCC(O)COc1cccc2NC(=O)CCc12	Adrenergic receptor antagonist
BRD-A10977446	COc1ccccc1OCCNCC(O)COc1cccc2[nH]c3ccccc3c12	Adrenergic receptor antagonist
BRD-K20338176	N[C@@H](C(=O)N[C@H]1[C@H]2SCC(Cl)=C(N2C1=O)C(O)=O)c1ccccc1	Bacterial cell wall synthesis inhibitor
BRD-K90733503	CC1=C(N2[C@H](SC1)[C@H](NC(=O)[C@H](N)c1ccccc1)C2=O)C(O)=O	Bacterial cell wall synthesis inhibitor
BRD-M47937986	N[C@@H](C(=O)N[C@H]1[C@H]2SCC(CSc3c[nH]nn3)=C(N2C1=O)C(O)=O)c1ccc(O)cc1	Bacterial cell wall synthesis inhibitor
BRD-A65282128	Cc1nnc(SCC2=C(N3C(SC2)C(NC(=O)Cn4cnnn4)C3=O)C(=O)O)s1	Bacterial cell wall synthesis inhibitor
BRD-K52735702	Nc1nc(cs1)C(=N/O)C(=O)N[C@H]1[C@H]2SCC(C=C)=C(N2C1=O)C(O)=O	Bacterial cell wall synthesis inhibitor
BRD-K04993501	Nc1nc(cs1)/C(=NOCC(=O)O)/C(=O)N[C@H]2[C@H]3SCC(=C(N3C2=O)C(=O)O)C=C	Bacterial cell wall synthesis inhibitor
BRD-A67981824	CON=C(C(=O)NC1C2SCC(COC(C)=O)=C(N2C1=O)C(O)=O)c1csc(N)n1	Bacterial cell wall synthesis inhibitor
BRD-K02275692	CN(C)CCn1nnnc1SCC1=C(N2[C@H](SC1)[C@H](NC(=O)Cc1csc(N)n1)C2=O)C(O)=O	Bacterial cell wall synthesis inhibitor
BRD-K70976396	CO[C@]1(NC(=O)Cc2cccs2)[C@H]2SCC(COC(N)=O)=C(N2C1=O)C(O)=O	Bacterial cell wall synthesis inhibitor
BRD-A87387433	COCC1=C(N2[C@H](SC1)[C@H](NC(=O)C(=NOC)c1csc(N)n1)C2=O)C(=O)OC(C)OC(=O)OC(C)C	Bacterial cell wall synthesis inhibitor
BRD-K63641886	CO/N=C(/C(=O)N[C@H]1[C@H]2SCC(=C(N2C1=O)C(=O)O)COC(=O)N)c3ccco3	Bacterial cell wall synthesis inhibitor
BRD-A79314293	CC(=O)OCC1=C(N2C(SC1)[C@H](N)C2=O)C(O)=O	Bacterial cell wall synthesis inhibitor
BRD-A42571354	OC(=O)COCCN1CCN(CC1)C(c1ccccc1)c1ccc(Cl)cc1	Histamine receptor antagonist
BRD-A04553218	CN(C)CCC(c1ccc(Cl)cc1)c1ccccn1	Histamine receptor antagonist
BRD-K89997465	CN(C)CCCN1c2ccccc2Sc2ccc(Cl)cc12	Dopamine receptor antagonist
BRD-K59058766	CN(C)CCC=C1/c2ccccc2Sc2ccc(Cl)cc12	Dopamine receptor antagonist
BRD-A26384407	NS(=O)(=O)c1cc(ccc1Cl)C1(O)NC(=O)c2ccccc12	Carbonic anhydrase inhibitor
BRD-A83695761	CCS(=O)(=O)N(C)C1C(O)C(C)(C)Oc2ccc(C#N)cc12	Potassium channel blocker
BRD-K89046952	CC1(C)S[C@@H]2[C@H](NC(=O)C3(N)CCCCC3)C(=O)N2[C@H]1C(=O)O	Bacterial cell wall synthesis inhibitor
BRD-A93000692	CC1(COc2ccc(CC3SC(=O)NC3=O)cc2)CCCCC1	PPAR receptor agonist
BRD-K62982419	COc1ccc(cc1OC1CCCC1)[C@@]1(CC[C@@H](CC1)C(O)=O)C#N	Phosphodiesterase inhibitor
BRD-K28578425	CN(C1CCCCC1)C(=O)CCCOc1ccc2[nH]c(=O)ccc2c1	Phosphodiesterase inhibitor
BRD-K67017579	O=C1CCc2cc(OCCCCc3nnnn3C3CCCCC3)ccc2N1	Phosphodiesterase inhibitor
BRD-A65440446	CC(C)NCC(O)c1ccc(N)c(c1)C#N	Adrenergic receptor agonist
BRD-K18618618	CNC(=NC#N)NCCSCc1nc[nH]c1C	Histamine receptor antagonist
BRD-K40901640	CN(C)CCCSc1ccccc1NC(=O)C=Cc1ccccc1	Serotonin receptor antagonist
BRD-A80502530	C[C@@H]1C[C@H]2[C@@H](CC[C@@H]3C[C@@H](O)CC[C@@]32C)[C@]45O[C@@H]5[C@H](OC(=O)C)[C@@H](C14)c6ccc(=O)oc6	ATPase inhibitor
BRD-A49358627	CC(C)(Oc1ccc(cc1)C1CC1(Cl)Cl)C(O)=O	PPAR receptor agonist
BRD-K54142781	C(Oc1ccccc1C1CC1)C1=NCCN1	Adrenergic receptor agonist
BRD-K06895174	CO[C@H]1CN(CCCOc2ccc(F)cc2)CC[C@H]1NC(=O)c1cc(Cl)c(N)cc1OC	Serotonin receptor agonist
BRD-K17294426	COc1cc(N)c(Cl)cc1C(=O)NC1CCN(Cc2ccccc2)CC1	Dopamine receptor antagonist
BRD-K30240666	CN1CCC[C@@H]1CCO[C@](C)(c1ccccc1)c1ccc(Cl)cc1	Histamine receptor antagonist
BRD-K71430621	Clc1ccc(CNC(=N)SCCCc2c[nH]cn2)cc1	Histamine receptor antagonist
BRD-K45252063	CCOC(=O)C(C)(C)Oc1ccc(Cl)cc1	PPAR receptor agonist
BRD-K19111024	CC(C)(Oc1ccc(Cl)cc1)C(O)=O	PPAR receptor agonist
BRD-K29950728	CCN(CC)CCOc1ccc(cc1)C(=C(/Cl)c1ccccc1)c1ccccc1	Estrogen receptor antagonist
BRD-K98530306	Clc1cccc(Cl)c1N=C1NCCN1	Adrenergic receptor agonist
BRD-K37289225	CN1CCN(CC1)C1=Nc2cc(Cl)ccc2Nc2ccccc12	Dopamine receptor antagonist
BRD-K06467078	COC(=O)[C@@H]1[C@@H](O)CC[C@H]2CN3CCc4c([nH]c5ccccc45)[C@@H]3C[C@H]12	Adrenergic receptor antagonist
BRD-K96271548	COc1ccccc1/C=CC(=O)O	Antioxidant
BRD-K40965114	CC(C)(C)NC[C@H](O)COc1cccc2[nH]c(C#N)cc12	Adrenergic receptor antagonist
BRD-A37837077	COc1cc2nc(nc(N)c2cc1OC)N1CCN(C2CCCCC12)C(=O)c1ccco1	Adrenergic receptor antagonist
BRD-A77291778	CN(C)CCOC(=O)C(c1ccccc1)C1(O)CCCC1	Acetylcholine receptor antagonist
BRD-A10420615	CC(=O)C1C(=O)[C@@H]2[C@@H]3[C@@H](Cc4cccc5[nH]cc3c45)C(C)(C)N2C1=O	ATPase inhibitor
BRD-K87226815	N[C@@H]1CONC1=O	Bacterial cell wall synthesis inhibitor
BRD-A71459254	COC1CC(O[C@H]2CC[C@]3(C=O)C4CC[C@]5(C)C(CC[C@]5(O)C4CC[C@]3(O)C2)C6=CC(=O)OC6)OC(C)C1O	ATPase inhibitor
BRD-K28143534	CN1CCC(CC1)=C1c2ccccc2C=Cc2ccccc12	Histamine receptor antagonist
BRD-A92537424	C[C@]12CCC3C(CCC4=Cc5oncc5C[C@]34C)C1CC[C@@]2(O)C#C	Estrogen receptor antagonist
BRD-A99177642	CCN1C[C@]2(C)CC[C@H](OC)[C@@]34[C@@H]2[C@H](OC(=O)C)[C@@]5(OCO[C@]65C[C@H](OC)[C@H]7C[C@]4(O)[C@@H]6[C@H]7OC)C13	Acetylcholine receptor antagonist
BRD-K37792168	CCCCn1c(=O)n(CCCC)c2ncn(CC(=O)C)c2c1=O	Phosphodiesterase inhibitor
BRD-K82357231	Clc1ccc2c(CCc3cccnc3C2=C2CCNCC2)c1	Histamine receptor antagonist
BRD-K10042277	Clc1ccc2Nc3ccccc3C(=Nc2c1)N1CCNCC1	Acetylcholine receptor agonist
BRD-K13819402	C1CN2Cc3ccccc3N=C2C1	Acetylcholinesterase inhibitor
BRD-K22947005	CN(C)CC[C@@H](c1ccc(Br)cc1)c2ccccn2	Histamine receptor antagonist
BRD-K39462424	CN(C)CC[C@@H](c1ccc(Cl)cc1)c1ccccn1	Histamine receptor antagonist
BRD-K79145749	CN(C)CCN1C(=O)c2ccccc2N(C)c3ccccc13	Norepinephrine reuptake inhibitor
BRD-K71499074	NS(=O)(=O)c1cc(Cl)c(Cl)c(c1)S(N)(=O)=O	Carbonic anhydrase inhibitor
BRD-K05673000	Cc1onc(c1C(=O)N[C@H]1[C@H]2SC(C)(C)[C@@H](N2C1=O)C(O)=O)-c1c(Cl)cccc1Cl	Bacterial cell wall synthesis inhibitor
BRD-K68507560	CCN(CC)CCOC(=O)C1(CCCCC1)C1CCCCC1	Acetylcholine receptor antagonist
BRD-K18518344	C[C@]12CC[C@H]3[C@@H](CC[C@@H]4C[C@@H](O)CC[C@]34C)[C@@]1(O)CC[C@@H]2C1=CC(=O)OC1	ATPase inhibitor
BRD-A93236127	C[C@H]1O[C@H](C[C@H](O)[C@@H]1O)O[C@H]1[C@@H](O)C[C@H](O[C@H]2[C@@H](O)C[C@H](O[C@H]3CC[C@@]4(C)[C@H](CCC5C4CC[C@]4(C)[C@H](CC[C@]54O)C4=CC(=O)OC4)C3)O[C@@H]2C)O[C@@H]1C	ATPase inhibitor
BRD-A94756469	C[C@H]1O[C@H](C[C@H](O)[C@@H]1O)O[C@H]1[C@@H](O)C[C@H](O[C@H]2[C@@H](O)C[C@H](O[C@H]3CC[C@@]4(C)[C@H](CCC5C4C[C@@H](O)[C@]4(C)[C@H](CC[C@]54O)C4=CC(=O)OC4)C3)O[C@@H]2C)O[C@@H]1C	ATPase inhibitor
BRD-K31471398	Oc1cc2CC[C@H]3NCc4ccccc4[C@@H]3c2cc1O	Dopamine receptor agonist
BRD-A65076780	CC(C)[C@@]1(NC(=O)[C@@H]2CC3[C@@H](Cc4c[nH]c5cccc3c45)N(C)C2)O[C@@]6(O)[C@@H]7CCCN7C(=O)[C@H](Cc8ccccc8)N6C1=O	Adrenergic receptor antagonist
BRD-A54845972	CN1CC(CC2C1Cc3c[nH]c4cccc2c34)C(=O)NC5(C)OC6(O)C7CCCN7C(=O)C(Cc8ccccc8)N6C5=O	Serotonin receptor agonist
BRD-K93441486	C[N+]1(C)CCC(CC1)=C(c1ccccc1)c1ccccc1	Acetylcholine receptor antagonist
BRD-K47278471	CN(C)CCOC(c1ccccc1)c1ccccc1	Histamine receptor antagonist
BRD-K01663662	OC(CCCN1CCCCC1)(c1ccccc1)c1ccccc1	Acetylcholine receptor agonist
BRD-A47494775	CNCC(O)c1ccc(OC(=O)C(C)(C)C)c(OC(=O)C(C)(C)C)c1	Adrenergic receptor agonist
BRD-K32645441	CCCN(CCC)CCc1c[nH]c2ccc(cc12)C(=O)N	Serotonin receptor agonist
BRD-K82577285	CCCN(CCC)CCc1ccc(O)c(O)c1	Dopamine receptor agonist
BRD-K86301799	OCCN(CCO)c1nc(N2CCCCC2)c2nc(nc(N3CCCCC3)c2n1)N(CCO)CCO	Phosphodiesterase inhibitor
BRD-A78322124	CC(CCc1ccc(O)cc1)NCCc1ccc(O)c(O)c1	Adrenergic receptor agonist
BRD-K39965020	CCC=C/CC=C/CC=C/CC=C/CC=C/CC=C/CCC(O)=O	PPAR receptor agonist
BRD-K86887724	CN(CCOc1ccc(NS(C)(=O)=O)cc1)CCc1ccc(NS(C)(=O)=O)cc1	Potassium channel blocker
BRD-K28029915	O=C(O[C@H]1C[C@H]2C[C@H]3C[C@@H](C1)N2CC3=O)c1c[nH]c2ccccc12	Serotonin receptor antagonist
BRD-K38305202	Clc1ccc2n(C3CCN(CCCn4c5ccccc5[nH]c4=O)CC3)c(=O)[nH]c2c1	Dopamine receptor antagonist
BRD-A49160188	COc1cc2CC(CC3CCN(Cc4ccccc4)CC3)C(=O)c2cc1OC	Acetylcholinesterase inhibitor
BRD-K43887077	NCCc1ccc(O)c(O)c1	Dopamine receptor agonist
BRD-K54759182	CN(C)CCC=C1/c2ccccc2CSc2ccccc12	Norepinephrine reuptake inhibitor
BRD-K85402309	CN1CCN(CC1)c1ccc2nc([nH]c2c1)-c1c(N)c2c(F)cccc2[nH]c1=O	EGFR inhibitor
BRD-A46179541	CCN1CC(CCN2CCOCC2)C(C1=O)(c1ccccc1)c1ccccc1	Potassium channel blocker
BRD-A13188892	COc1cc2nc(nc(N)c2cc1OC)N1CCN(CC1)C(=O)C1COc2ccccc2O1	Adrenergic receptor antagonist
BRD-K36616567	CN(C)CCC=C1c2ccccc2COc3ccccc13	Histamine receptor antagonist
BRD-K92093830	COc1cccc2C(=O)c3c(O)c4C[C@](O)(C[C@H](O[C@H]5C[C@H](N)[C@H](O)[C@H](C)O5)c4c(O)c3C(=O)c12)C(=O)CO	Topoisomerase inhibitor
BRD-A44008656	CN(C)CCOC(C)(c1ccccc1)c1ccccn1	Histamine receptor antagonist
BRD-K97158071	Fc1ccc(cc1)C(=O)CCCN1CCC(=CC1)n1c2ccccc2[nH]c1=O	Dopamine receptor antagonist
BRD-A51820102	Clc1ccc(COC(Cn2ccnc2)c2ccc(Cl)cc2Cl)cc1	Bacterial cell wall synthesis inhibitor
BRD-K94270326	CN1CCc2cc(Cl)c(O)cc2[C@@H]3[C@@H]1CCc4ccccc34	Dopamine receptor antagonist
BRD-K81128206	CC[N+](C)(C)c1cccc(O)c1	Acetylcholinesterase inhibitor
BRD-K85985071	Cc1c2[nH]c3ccccc3c2c(C)c4cnccc14	Topoisomerase inhibitor
BRD-K44497846	CCOC(=O)[C@@H](CCc1ccccc1)N[C@@H](C)C(=O)N1CCC[C@H]1C(O)=O	ACE inhibitor
BRD-K99447003	C[C@H](N[C@@H](CCc1ccccc1)C(O)=O)C(=O)N1CCC[C@H]1C(O)=O	ACE inhibitor
BRD-K76534306	CCN1CCN(CC1)c1cc2n(cc(C(O)=O)c(=O)c2cc1F)C1CC1	Bacterial DNA gyrase inhibitor
BRD-A98431941	CNC(C)[C@H](O)c1ccccc1	Adrenergic receptor agonist
BRD-A39268308	Clc1ccc(cn1)C2CC3CCC2N3	Acetylcholine receptor agonist
BRD-K50660797	Oc1cc(O)c2C[C@@H](OC(=O)c3cc(O)c(O)c(O)c3)[C@H](Oc2c1)c1ccc(O)c(O)c1	Bacterial DNA gyrase inhibitor
BRD-K35573744	COC(=O)C=Cc1cc(O)ccc1O	EGFR inhibitor
BRD-K19360254	CC(C)[C@@H]1N2C(=O)[C@](NC(=O)[C@H]3CN(C)[C@@H]4Cc5c[nH]c6cccc(C4=C3)c56)(O[C@@]2(O)[C@@H]7CCCN7C1=O)C(C)C	Dopamine receptor agonist
BRD-A73581086	CC(CO)NC(=O)C1CN(C)C2Cc3c[nH]c4cccc(C2=C1)c34	Adrenergic receptor agonist
BRD-K70401845	COCCOc1cc2ncnc(Nc3cccc(c3)C#C)c2cc1OCCOC	EGFR inhibitor
BRD-A99411506	OC[C@H]1OC(Oc2cc3ccc(=O)oc3cc2O)[C@H](O)[C@@H](O)[C@@H]1O	Antioxidant
BRD-A07395371	COC(=O)CCc1ccc(OCC(O)CNC(C)C)cc1	Adrenergic receptor antagonist
BRD-A56892734	COc1ccc2n([Mg]n3c(nc4cc(OC)ccc34)S(=O)Cc5ncc(C)c(OC)c5C)c(nc2c1)S(=O)Cc6ncc(C)c(OC)c6C	ATPase inhibitor
BRD-K64755930	CCOC(=O)c1cnc2n(CC)ncc2c1NN=C(C)C	Phosphodiesterase inhibitor
BRD-A74500471	CCC(CO)NCCNC(CC)CO	Bacterial cell wall synthesis inhibitor
BRD-K08556791	CCCSP(=O)(OCC)SCCC	Acetylcholinesterase inhibitor
BRD-K50417881	CCN1CCC[C@H]1CNC(=O)c1c(O)c(CC)cc(Cl)c1OC	Dopamine receptor antagonist
BRD-A09925278	CCNCC(O)c1cccc(O)c1	Adrenergic receptor agonist
BRD-K37798499	COc1cc(cc(OC)c1O)[C@H]1[C@@H]2[C@H](COC2=O)[C@H](O[C@@H]2O[C@@H]3CO[C@@H](C)O[C@H]3[C@H](O)[C@H]2O)c2cc3OCOc3cc12	Topoisomerase inhibitor
BRD-A68631409	CN1C2N(CCc3c2[nH]c2ccccc32)C(=O)c2ccccc12	ATPase inhibitor
BRD-A73741725	C[C@]12CCC3C(CC(=C)C4=CC(=O)C=C[C@]34C)C1CCC2=O	Aromatase inhibitor
BRD-K00673382	NC(N)=Nc1nc(CSCCC(N)=N/S(N)(=O)=O)cs1	Histamine receptor antagonist
BRD-K08998509	Fc1ccc(cc1)N1CCN(CCCN2c3cccc4cccc(c34)S2(=O)=O)CC1	Dopamine receptor antagonist
BRD-K50388907	CC(C)OC(=O)C(C)(C)Oc1ccc(cc1)C(=O)c1ccc(Cl)cc1	PPAR receptor agonist
BRD-A50684349	Oc1ccc(cc1)C1CNCCc2c(Cl)c(O)c(O)cc12	Dopamine receptor agonist
BRD-A97104540	CC(Cc1ccc(O)cc1)NCC(O)c1cc(O)cc(O)c1	Adrenergic receptor agonist
BRD-K84566043	C[N+]1(CCC(C(=O)N)(c2ccccc2)c3ccccc3)CCCCC1	Acetylcholine receptor antagonist
BRD-A73368467	CC(C)(C(O)=O)c1ccc(cc1)C(O)CCCN1CCC(CC1)C(O)(c1ccccc1)c1ccccc1	Histamine receptor antagonist
BRD-K47639036	Cc1c(oc2c(cccc2c1=O)C(=O)OCCN1CCCCC1)-c1ccccc1	Acetylcholine receptor antagonist
BRD-A13650332	Cc1onc(c1C(=O)N[C@H]1[C@H]2SC(C)(C)C(N2C1=O)C(O)=O)-c1c(F)cccc1Cl	Bacterial cell wall synthesis inhibitor
BRD-K70487031	OCCN1CCN(CCC=C2c3ccccc3Sc3ccc(cc23)C(F)(F)F)CC1	Dopamine receptor antagonist
BRD-K15715913	CN1CCN(CC1)C2=Nc3cc(F)ccc3Cc4ccccc24	Serotonin receptor antagonist
BRD-K55127134	OCCN1CCN(CCCN2c3ccccc3Sc3ccc(cc23)C(F)(F)F)CC1	Dopamine receptor antagonist
BRD-K77947974	Fc1ccc(cc1)C(CCCN1CCC2(CC1)N(CNC2=O)c1ccccc1)c1ccc(F)cc1	Dopamine receptor antagonist
BRD-A31801025	CC12CCC3C(CCC4C(=O)C(=O)CCC34C)C2CCC1=O	Aromatase inhibitor
BRD-M00539986	COc1ccc(C[C@H](C)NC[C@@H](O)c2ccc(O)c(NC=O)c2)cc1	Adrenergic receptor agonist
BRD-A51382177	CCC(=O)O[C@@H](OP(=O)(CCCCc1ccccc1)CC(=O)N1C[C@@H](C[C@H]1C(O)=O)C1CCCCC1)C(C)C	ACE inhibitor
BRD-K76587808	COc1cc2ccc(=O)oc2c(O)c1O	Antioxidant
BRD-K66944906	COc1cc2ccc(=O)oc2c(OC)c1OC	Carbonic anhydrase inhibitor
BRD-A83237092	C[C@]12CC[C@H]3[C@H]([C@@H]1CC[C@@H]2O)C(CCCCCCCCCS(=O)CCCC(F)(F)C(F)(F)F)Cc1cc(O)ccc31	Estrogen receptor antagonist
BRD-K49481516	COc1ccc2CN(C)CC[C@@]34C=C[C@H](O)C[C@@H]3Oc1c24	Acetylcholinesterase inhibitor
BRD-A74980173	COc1c(N2CCNC(C)C2)c(F)cc2c1n(cc(C(O)=O)c2=O)C1CC1	Bacterial DNA gyrase inhibitor
BRD-K64052750	COc1cc2ncnc(Nc3ccc(F)c(Cl)c3)c2cc1OCCCN1CCOCC1	EGFR inhibitor
BRD-A17535965	CN1C[C@@]2(C=C)C3CC4OC[C@@H]3[C@@H]1[C@H]2[C@@]45C(=O)Nc6ccccc65	Acetylcholine receptor antagonist
BRD-A29082194	C[C@@]12CCC3C(CC[C@@H]4C[C@@H](O)CC[C@@]43C)[C@@]2(O)C[C@H](O)[C@@H]1C5=CC(=O)OC5	ATPase inhibitor
BRD-A81233518	C[N+]1(C)CCC(C1)OC(=O)C(O)(C1CCCC1)c1ccccc1	Acetylcholine receptor antagonist
BRD-K10860596	CN1[C@H]2CCC[C@@H]1C[C@@H](C2)NC(=O)c3nn(C)c4ccccc34	Serotonin receptor antagonist
BRD-K67847053	NC(=N)NN=Cc1c(Cl)cccc1Cl	Adrenergic receptor agonist
BRD-K32830106	NC(=N)NC(=O)Cc1c(Cl)cccc1Cl	Adrenergic receptor agonist
BRD-K67783091	OC1(CCN(CCCC(=O)c2ccc(F)cc2)CC1)c1ccc(Cl)cc1	Dopamine receptor antagonist
BRD-K07996107	C[C@@]1(C[C@@H](O)[C@]2(O)C=CO[C@@H](O[C@@H]3O[C@H](CO)[C@@H](O)[C@H](O)[C@H]3O)[C@H]12)OC(=O)/C=C/c4ccccc4	Acetylcholinesterase inhibitor
BRD-A63998256	C[C@H]1O[C@H](C[C@H](O)[C@@H]1O)OC2CC[C@]3(C=O)[C@H]4CC[C@]5(C)[C@H](CC[C@]5(O)[C@@H]4CC[C@]3(O)C2)C6=CC(=O)OC6	ATPase inhibitor
BRD-K81209159	COc1ccc2ccc(=O)oc2c1	Acetylcholinesterase inhibitor
BRD-K04710043	CC(=O)NCCCCCCNC(=O)C	AKT inhibitor
BRD-K99946902	CCCCCCc1ccc(O)cc1O	Local anesthetic
BRD-A09539288	CN1C2CC[C@H]1C[C@H](C2)OC(=O)C(O)c1ccccc1	Acetylcholine receptor antagonist
BRD-K98493452	Oc1ccc(cc1CC=C)-c1cc(CC=C)ccc1O	AKT inhibitor
BRD-K15402119	CC=C1/[C@H]2Cc3[nH]c(=O)ccc3[C@]1(N)CC(C)=C2	Acetylcholinesterase inhibitor
BRD-K46424862	Cc1cc(=O)oc2cc(O)ccc12	Monoamine oxidase inhibitor
BRD-K40530731	CN1[C@H]2CC[C@@H]1C[C@@H](C2)OC(=O)[C@H](CO)c3ccccc3	Acetylcholine receptor antagonist
BRD-K65639003	COc1ccc(cc1)c2oc3c(CC=C(C)C)c(O[C@@H]4O[C@H](CO)[C@@H](O)[C@H](O)[C@H]4O)cc(O)c3c(=O)c2O[C@@H]5O[C@@H](C)[C@H](O)[C@@H](O)[C@H]5O	Phosphodiesterase inhibitor
BRD-K69650333	C[C@@H]1O[C@H](C[C@H](N)[C@@H]1O)O[C@H]1C[C@@](O)(Cc2c(O)c3C(=O)c4ccccc4C(=O)c3c(O)c12)C(C)=O	Topoisomerase inhibitor
BRD-A24191444	CC(C(O)c1ccc(O)cc1)N1CCC(Cc2ccccc2)CC1	Adrenergic receptor antagonist
BRD-K48722833	COc1cc(ccc1OCCCN1CCC(CC1)c1noc2cc(F)ccc12)C(C)=O	Dopamine receptor antagonist
BRD-A10903566	CCn1ccnc1CC1COc2ccccc2O1	Adrenergic receptor antagonist
BRD-K38436528	CN(C)CCCN1c2ccccc2CCc2ccccc12	Norepinephrine reuptake inhibitor
BRD-K25906698	C(C1CCNCC1)c1c[nH]cn1	Histamine receptor agonist
BRD-K49519092	C(c1cnc[nH]1)c1ccncc1	Histamine receptor agonist
BRD-K07117950	CC(=CCOc1c2occc2cc3ccc(=O)oc13)C	CDK inhibitor
BRD-K53959060	ON=C1C(=C2C(=O)Nc3ccccc23)Nc4ccccc14	CDK inhibitor
BRD-K19136521	ON=C1c2ccccc2NC/1=C1C(=O)Nc2ccccc12	CDK inhibitor
BRD-K51918615	Ic1ccc(CCNC(=N)SCCCc2c[nH]cn2)cc1	Histamine receptor antagonist
BRD-A05352148	CC(C)[N+]1(C)C2CCC1CC(C2)OC(=O)C(CO)c1ccccc1	Acetylcholine receptor antagonist
BRD-K88568253	CC(C)NNC(=O)c1ccncc1	Monoamine oxidase inhibitor
BRD-K90574421	O=C1N(CCCCN2CCN(CC2)c2ncccn2)S(=O)(=O)c2ccccc12	Serotonin receptor agonist
BRD-K08547377	CCc1c2Cn3c(cc4c(COC(=O)[C@]4(O)CC)c3=O)-c2nc2ccc(OC(=O)N3CCC(CC3)N3CCCCC3)cc12	Topoisomerase inhibitor
BRD-K74195153	Nc1nc(N)nc(n1)-c1cc(Cl)ccc1Cl	Phosphodiesterase inhibitor
BRD-A26845397	CC(C)NCC(O)COc1ccccc1-n1cccc1	Adrenergic receptor antagonist
BRD-K86509404	Cn1cnc2nc(NCCO)nc(NCc3ccccc3)c12	CDK inhibitor
BRD-K93332168	Cc1cc(no1)C(=O)NNCc1ccccc1	Monoamine oxidase inhibitor
BRD-A16700644	CC(COc1ccccc1)NC(C)[C@H](O)c1ccc(O)cc1	Adrenergic receptor agonist
BRD-K96740444	COc1ccc(cc1OC)C(=O)NCc1ccc(OCCN(C)C)cc1	Dopamine receptor antagonist
BRD-K37312348	Brc1ccc2[nH]c-3c(CC(=O)Nc4ccccc-34)c2c1	CDK inhibitor
BRD-K49671696	Fc1ccc(cc1)C(=O)C1CCN(CCn2c(=O)[nH]c3ccccc3c2=O)CC1	Serotonin receptor antagonist
BRD-K28936863	CN1CCC(CC1)=C1c2ccsc2C(=O)Cc2ccccc12	Histamine receptor agonist
BRD-A71203467	COc1cc2CCN3Cc4c(OC)c(O)ccc4CC3c2cc1O	Dopamine receptor antagonist
BRD-A07440155	CC(CCc1ccccc1)NCC(O)c1ccc(O)c(c1)C(N)=O	Adrenergic receptor antagonist
BRD-K93460210	Nc1nnc(c(N)n1)-c1cccc(Cl)c1Cl	Serotonin receptor antagonist
BRD-A49172652	Cc1c(OCC(F)(F)F)ccnc1CS(=O)c1nc2ccccc2[nH]1	ATPase inhibitor
BRD-M07438658	CS(=O)(=O)CCNCc1ccc(o1)-c1ccc2ncnc(Nc3ccc(OCc4cccc(F)c4)c(Cl)c3)c2c1	EGFR inhibitor
BRD-K23583188	OC(=O)c1cc(ccc1O)N(Cc2ccccc2O)Cc3cc(O)ccc3O	EGFR inhibitor
BRD-K80725632	OC(=O)c1cc(NCc2cc(O)ccc2O)ccc1O	EGFR inhibitor
BRD-K88789588	N#Cc1ccc(cc1)C(c1ccc(cc1)C#N)n1cncn1	Aromatase inhibitor
BRD-K33453211	C[C@@H]1CN(CC[C@]1(C(O)=O)c1ccccc1)[C@H]1CC[C@](CC1)(C#N)c1ccc(F)cc1	Histamine receptor antagonist
BRD-K27184429	OC(=O)COCCN1CCN(CC1)[C@H](c1ccccc1)c1ccc(Cl)cc1	Histamine receptor antagonist
BRD-K09471561	C[C@H]1COc2c(N3CCN(C)CC3)c(F)cc3c2n1cc(C(O)=O)c3=O	Bacterial DNA gyrase inhibitor
BRD-K35559145	COc1ccc2Sc3ccccc3N(C[C@H](C)CN(C)C)c2c1	Dopamine receptor antagonist
BRD-K52662033	CCN(CC)CC(=O)Nc1c(C)cccc1C	Histamine receptor agonist
BRD-K59332007	O=C1N(c2ccccc2C1(Cc1ccncc1)Cc1ccncc1)c1ccccc1	Potassium channel blocker
BRD-A68039575	COc1ccc(cc1)C2CC(=O)c3ccc(OC)cc3O2	Aromatase inhibitor
BRD-K88871508	CCN(CC)C(=O)N[C@H]1CN(C)[C@@H]2Cc3c[nH]c4cccc(C2=C1)c34	Dopamine receptor agonist
BRD-A59215453	CN1C(CC(O)c2ccccc2)CCCC1CC(O)c3ccccc3	Acetylcholine receptor antagonist
BRD-K66206289	CN1[C@H](C[C@H](O)c2ccccc2)CCC[C@@H]1CC(=O)c1ccccc1	Acetylcholine receptor antagonist
BRD-K82147103	CN(CCCN1c2ccccc2CCc2ccccc12)CC(=O)c1ccc(Cl)cc1	Norepinephrine reuptake inhibitor
BRD-A02990301	CC(Oc1c(Cl)cccc1Cl)C1=NCCN1	Adrenergic receptor agonist
BRD-K82795137	CCOC(=O)N1CCC(CC1)=C1c2ccc(Cl)cc2CCc2cccnc12	Histamine receptor antagonist
BRD-K39915878	CN1CCN(CC1)C1=Nc2ccccc2Oc2ccc(Cl)cc12	Dopamine receptor antagonist
BRD-K36965586	NC(=N)NC(=N)Nc1cccc(Cl)c1	Serotonin receptor agonist
BRD-K30649484	NCc1ccc(cc1)S(N)(=O)=O	Carbonic anhydrase inhibitor
BRD-K03319035	CNCCC[C@]1(CC[C@H]2c3ccccc31)c4ccccc24	Norepinephrine reuptake inhibitor
BRD-K71926323	CN1CCN(CC1)c1c(F)cc2c3c1OCN(C)n3cc(C(O)=O)c2=O	Bacterial DNA gyrase inhibitor
BRD-A09467419	CCN(CCCCOC(=O)c1ccc(OC)c(OC)c1)C(C)Cc1ccc(OC)cc1	Acetylcholine receptor antagonist
BRD-K41051431	CC1(C)S[C@@H]2[C@H](N=CN3CCCCCC3)C(=O)N2[C@H]1C(O)=O	Bacterial cell wall synthesis inhibitor
BRD-A66563878	CC(c1cnc[nH]1)c2cccc(C)c2C	Adrenergic receptor agonist
BRD-K92984783	CC1CCN(CCCC(=O)c2ccc(F)cc2)CC1	Serotonin receptor antagonist
BRD-K18194590	CNC(C)(C)Cc1ccccc1	Adrenergic receptor agonist
BRD-A03216249	CN1CCCCC1C(=O)Nc1c(C)cccc1C	Potassium channel blocker
BRD-K65417056	CCCNC(C)(C)COC(=O)c1ccccc1	Local anesthetic
BRD-K97564742	COc1ccc(cc1)CN(CCN(C)C)c1ccccn1	Histamine receptor antagonist
BRD-K01612348	C[C@@H](O)[C@@H]1[C@H]2[C@@H](C)C(=C(N2C1=O)C(=O)O)S[C@@H]3CN[C@@H](C3)C(=O)N(C)C	Bacterial cell wall synthesis inhibitor
BRD-M40783228	OS(=O)(=O)CCS	Antioxidant
BRD-A14395271	CN1CCCCC1CCN1c2ccccc2Sc2ccc(cc12)S(C)=O	Dopamine receptor antagonist
BRD-K91336023	CN(C)S(=O)(=O)N[C@H]1C[C@H]2[C@@H](Cc3cn(C)c4cccc2c34)N(C)C1	Dopamine receptor agonist
BRD-A30435184	CN1CC(CNC(=O)OCc2ccccc2)CC3C1Cc4cn(C)c5cccc3c45	Dopamine receptor agonist
BRD-K09859624	CC[N+](C)(CC)CCOC(=O)C1c2ccccc2Oc2ccccc12	Acetylcholine receptor antagonist
BRD-K47323024	CN(C)CCN(Cc1cccs1)c1ccccn1	Histamine receptor antagonist
BRD-K13356952	CC(=O)N=c1sc(nn1C)S(N)(=O)=O	Carbonic anhydrase inhibitor
BRD-K88741031	COC(=O)C=Cc1cc(O)ccc1O	EGFR inhibitor
BRD-A63667919	CCC(CO)NC(=O)C1CN(C)C2Cc3c[nH]c4cccc(C2=C1)c34	Dopamine receptor antagonist
BRD-A32164164	CCN1CC2(COC(=O)c3ccccc3N4C(=O)CC(C)C4=O)CCC(OC)C5(C6CC7C(OC)C6C(O)(CC7OC)C8(O)C(OC)C52)C18	Acetylcholine receptor antagonist
BRD-K35941380	CC[C@@H](CO)NC(=O)[C@H]1CN(C)[C@@H]2Cc3cn(C)c4cccc(C2=C1)c34	Serotonin receptor antagonist
BRD-A33711280	CN1CCCC(CC2c3ccccc3Sc3ccccc23)C1	Acetylcholine receptor antagonist
BRD-K75641298	CCN(CC)CCNC(=O)c1cc(Cl)c(N)cc1OC	Dopamine receptor antagonist
BRD-A61793559	CC1Nc2cc(Cl)c(cc2C(=O)N1c1ccccc1C)S(N)(=O)=O	Carbonic anhydrase inhibitor
BRD-A03623303	COCCc1ccc(OCC(O)CNC(C)C)cc1	Adrenergic receptor antagonist
BRD-A19661776	CN1CCN2C(C1)c1ccccc1Cc1ccccc21	Serotonin receptor antagonist
BRD-A79981887	COc1ccc(OC)c(c1)C(O)CNC(=O)CN	Adrenergic receptor agonist
BRD-K67080878	Cc1[nH]c(=O)c(cc1-c1ccncc1)C#N	Phosphodiesterase inhibitor
BRD-A64977602	CN1CCN2C(C1)c1ccccc1Cc1cccnc21	Adrenergic receptor antagonist
BRD-K21680192	OCCNCCNc1ccc(NCCNCCO)c2C(=O)c3c(O)ccc(O)c3C(=O)c12	Topoisomerase inhibitor
BRD-K07237224	Clc1ccc(cc1)C(=O)NCCN1CCOCC1	Monoamine oxidase inhibitor
BRD-A16332958	NC(=O)CS(=O)C(c1ccccc1)c1ccccc1	Adrenergic receptor agonist
BRD-K34441861	CCOC(=O)[C@H](CCc1ccccc1)N[C@@H](C)C(=O)N1Cc2cc(OC)c(OC)cc2C[C@H]1C(O)=O	ACE inhibitor
BRD-A65280694	CCc1c(C)[nH]c2CCC(CN3CCOCC3)C(=O)c12	Dopamine receptor antagonist
BRD-K32412559	COc1ccc2C[C@H]3N(C)CCc4cc(O)cc(c34)-c2c1O	Adrenergic receptor antagonist
BRD-A39052811	CCOc1cc(N)c(Cl)cc1C(=O)NCC1CN(Cc2ccc(F)cc2)CCO1	Serotonin receptor agonist
BRD-K66615216	COc1c(N2C[C@@H]3CCCN[C@@H]3C2)c(F)cc2c1n(cc(C(O)=O)c2=O)C1CC1	Bacterial DNA gyrase inhibitor
BRD-K54708045	OC(=O)c1n(Cc2ccc(Cl)cc2)c2ccc(Cl)cc2c1Sc1ccccc1	PPAR receptor agonist
BRD-A87606379	CC(C)(C)NCC(O)COc1cccc2C[C@@H](O)[C@@H](O)Cc12	Adrenergic receptor antagonist
BRD-A71262238	CCCCN1CCCC1CNC(=O)c1cc(C#N)c2ccccc2c1OC	Dopamine receptor antagonist
BRD-K18574842	CCOc1ccc2ccccc2c1C(=O)N[C@H]1[C@H]2SC(C)(C)[C@@H](N2C1=O)C(O)=O	Bacterial cell wall synthesis inhibitor
BRD-A67862938	CCN(CC)CCOC(=O)C(CC1CCCO1)Cc1cccc2ccccc12	Adrenergic receptor antagonist
BRD-A01787639	COc1ccccc1N1CCN(CC(O)COc2cccc3ccccc23)CC1	Adrenergic receptor antagonist
BRD-K77641333	C(C1=NCCN1)c1cccc2ccccc12	Adrenergic receptor agonist
BRD-A94669766	Oc1ccc(cc1)C2CC(=O)c3c(O)cc(O)cc3O2	Aromatase inhibitor
BRD-A66927094	CNc1cc(OC)c(cc1Cl)C(=O)NC2CCN(Cc3ccccc3)C2C	Dopamine receptor antagonist
BRD-K85606544	CCOc1cc2ncc(C#N)c(Nc3ccc(OCc4ccccn4)c(Cl)c3)c2cc1NC(=O)C=CCN(C)C	EGFR inhibitor
BRD-K12102668	O=C(CCNNC(=O)c1ccncc1)NCc1ccccc1	Monoamine oxidase inhibitor
BRD-K76810206	CO[C@]12C[C@@H](COC(=O)c3cncc(Br)c3)CN(C)[C@@H]1Cc1cn(C)c3cccc2c13	Adrenergic receptor antagonist
BRD-K05395900	CN1CCC[C@H]1c1cccnc1	Acetylcholine receptor agonist
BRD-K32311154	Cn1c(NCCN(CCO)CCCc2ccc(cc2)[N+]([O-])=O)cc(=O)n(C)c1=O	Potassium channel blocker
BRD-A95696066	CNCCC(Oc1ccccc1OC)c1ccccc1	Norepinephrine reuptake inhibitor
BRD-K73589491	CNC(NCCSCc1csc(CN(C)C)n1)=C/[N+]([O-])=O	Histamine receptor antagonist
BRD-K63165456	CNCCC=C1c2ccccc2C=Cc2ccccc12	Adrenergic receptor agonist
BRD-K32696739	C1Cc2c(CN1)[nH]c3ccccc23	Monoamine oxidase inhibitor
BRD-A91555231	NCC(O)c1ccc(O)c(O)c1	Adrenergic receptor agonist
BRD-A24543851	C1CNC(C1)c1cccnc1	Acetylcholine receptor agonist
BRD-A24228527	CC1COc2c(N3CCN(C)CC3)c(F)cc3c2n1cc(C(O)=O)c3=O	Bacterial DNA gyrase inhibitor
BRD-K18895904	CN1CCN(CC1)C1=Nc2ccccc2Nc2sc(C)cc12	Dopamine receptor antagonist
BRD-K05350981	CC[C@H]1CC[C@H]2O[C@@]3(CC[C@@H](C)[C@@H](C[C@H](C)O)O3)[C@H](C)[C@@H](OC(=O)C=C[C@@H](C)[C@H](O)[C@@H](C)C(=O)[C@@H](C)[C@H](O)[C@@H](C)C(=O)[C@H](C)[C@H](O)[C@@H](C)CC=CC=C1)[C@H]2C	ATPase inhibitor
BRD-K82731415	Cn1cnc2c(NCc3ccccc3)nc(NCCO)nc12	CDK inhibitor
BRD-K67637637	CN(C)CC/C=C1/c2ccccc2COc3ccc(CC(=O)O)cc13	Histamine receptor antagonist
BRD-A19736161	Cc1nccn1CC1CCc2c(C1=O)c1ccccc1n2C	Serotonin receptor antagonist
BRD-A07780951	CC(C)NCC(O)c1cc(O)cc(O)c1	Adrenergic receptor agonist
BRD-A53576514	CN(C)CCOC(c1ccccc1)c1ccccc1C	Acetylcholine receptor antagonist
BRD-A00520476	CCN(CC)CC1CCCCN1CC(=O)N1c2ccccc2C(=O)Nc2cccnc12	Acetylcholine receptor antagonist
BRD-A68930007	C[C@@H]1O[C@@H](O[C@H]2C[C@@H](O)[C@]3(CO)C4[C@H](O)C[C@]5(C)[C@H](CC[C@]5(O)C4CC[C@]3(O)C2)C2=CC(=O)OC2)[C@H](O)[C@H](O)[C@H]1O	ATPase inhibitor
BRD-K23369905	Clc1ccc(CON=C(Cn2ccnc2)c2ccc(Cl)cc2Cl)c(Cl)c1	Bacterial cell wall synthesis inhibitor
BRD-K21936341	O=C1CCCN1CC#CCN1CCCC1	Acetylcholine receptor agonist
BRD-A43671941	CC(C)NCC(O)COc1ccccc1OCC=C	Adrenergic receptor antagonist
BRD-K04185004	CCCCOc1cc(ccc1N)C(=O)OCCN(CC)CC	Local anesthetic
BRD-A65013509	CCN(CC)CC#CCOC(=O)C(O)(C1CCCCC1)c1ccccc1	Acetylcholine receptor antagonist
BRD-K16195444	Cc1cc(c(O)c(C)c1CC1=NCCN1)C(C)(C)C	Adrenergic receptor agonist
BRD-K51313569	CC(=O)c1c(C)c2cnc(Nc3ccc(cn3)N3CCNCC3)nc2n(C2CCCC2)c1=O	CDK inhibitor
BRD-K08924299	O=C1N(C[C@H]2CCCc3cccc1c23)[C@@H]1CN2CCC1CC2	Serotonin receptor antagonist
BRD-A84134924	CC(=O)OC1C(C[C@H]2C3CC[C@H]4C[C@H](OC(=O)C)C(CC4(C)[C@H]3CCC12C)[N+]5(C)CCCCC5)[N+]6(C)CCCCC6	Acetylcholine receptor antagonist
BRD-A22380646	COc1ccnc(CS(=O)c2nc3cc(OC(F)F)ccc3[nH]2)c1OC	ATPase inhibitor
BRD-K15567136	COc1ccc(Cc2nccc3cc(OC)c(OC)cc23)cc1OC	Phosphodiesterase inhibitor
BRD-K83597974	CN(CC#C)Cc1ccccc1	Monoamine oxidase inhibitor
BRD-K38251852	CC(C)(O)[C@H]1O[C@H]2CC[C@]3(C)[C@]4(C)[C@H](Cc5c4[nH]c6ccccc56)CC[C@@]3(O)C2=CC1=O	Potassium channel blocker
BRD-K66412701	C[C@H]1COc2c(c(F)cc3c2n1cc(C(O)=O)c3=O)C1(N)CC1	Topoisomerase inhibitor
BRD-K55034111	CCn1cc(C(O)=O)c(=O)c2cc(F)c(cc12)N1CCN(C)CC1	Bacterial DNA gyrase inhibitor
BRD-A80793822	NC1=NC(=O)C(O1)c1ccccc1	Dopamine receptor agonist
BRD-A84702196	CC1(C)SC2C(NC(=O)COc3ccccc3)C(=O)N2C1C(=O)O	Bacterial cell wall synthesis inhibitor
BRD-K03842655	CC(=C)[C@H]1O[C@H]2CC[C@]3(C)[C@]4(C)[C@@H](CC[C@@]3(O)[C@@]52O[C@@H]5[C@H]1O)[C@@H]6OC(C)(C)[C@H]7C[C@@H]8C(=C)Cc9c(Cl)cc%10[nH]c4c6c%10c9[C@@]87O	Potassium channel blocker
BRD-K57569181	CC(=O)CCCCn1c(=O)n(C)c2ncn(C)c2c1=O	Phosphodiesterase inhibitor
BRD-K60770992	CCCN1C[C@H](CSC)C[C@H]2[C@H]1Cc1c[nH]c3cccc2c13	Dopamine receptor agonist
BRD-K92731339	CCC[C@H](N[C@@H](C)C(=O)N1[C@H]2CCCC[C@H]2C[C@H]1C(O)=O)C(=O)OCC	ACE inhibitor
BRD-K85503079	O=C1[C@H]2CCCC[C@H]2C(=O)N1CCCCN1CCN(CC1)c1nsc2ccccc12	Dopamine receptor antagonist
BRD-K10995081	OCCN1CCN(CCCN2c3ccccc3Sc3ccc(Cl)cc23)CC1	Dopamine receptor antagonist
BRD-K76304753	Nc1ccc(N=Nc2ccccc2)c(N)n1	Local anesthetic
BRD-K87024524	NNCCc1ccccc1	Monoamine oxidase inhibitor
BRD-A23072235	CN(C)CCC(c1ccccc1)c1ccccn1	Histamine receptor antagonist
BRD-K59597909	N1c2ccccc2Sc2ccccc12	Dopamine receptor antagonist
BRD-A67799922	CC(COc1ccccc1)N(CCCl)Cc1ccccc1	Adrenergic receptor antagonist
BRD-K90333595	Cc1ccc(cc1)N(CC1=NCCN1)c1cccc(O)c1	Adrenergic receptor antagonist
BRD-K68873215	CCCCN1C(=O)[C@H]2Cc3c([nH]c4ccccc34)[C@@H](N2C1=O)c5ccc(OC)cc5	Phosphodiesterase inhibitor
BRD-A37052580	CNC(=O)Oc1ccc2N(C)C3N(C)CC[C@@]3(C)c2c1	Acetylcholinesterase inhibitor
BRD-K04548931	COc1cccc2C(=O)c3c(O)c4C[C@](O)(C[C@H](O[C@H]5C[C@H](N)[C@@H](O)[C@H](C)O5)c4c(O)c3C(=O)c12)C(=O)CO	Topoisomerase inhibitor
BRD-K85090592	CC[C@H]1[C@@H](Cc2cncn2C)COC1=O	Acetylcholine receptor agonist
BRD-K01292756	Fc1ccc(cc1)C(CCCN1CCC(CC1)n1c2ccccc2[nH]c1=O)c1ccc(F)cc1	Dopamine receptor antagonist
BRD-A97701745	CC(C)NCC(O)COc1cccc2[nH]ccc12	Adrenergic receptor antagonist
BRD-K26801045	NC(=O)C1(CCN(CCCC(=O)c2ccc(F)cc2)CC1)N1CCCCC1	Dopamine receptor antagonist
BRD-K16277217	CC(=O)c1ccc2Sc3ccccc3N(CCCN3CCC(CCO)CC3)c2c1	Dopamine receptor antagonist
BRD-K86873305	CCN1CCN(C(=O)N[C@@H](C(=O)N[C@H]2[C@H]3SC(C)(C)[C@@H](N3C2=O)C(O)=O)c2ccccc2)C(=O)C1=O	Bacterial cell wall synthesis inhibitor
BRD-A97479839	CCN1CCCC(C1)OC(=O)C(c1ccccc1)c1ccccc1	Acetylcholine receptor antagonist
BRD-K59522102	O=C(C=CC=Cc1ccc2OCOc2c1)N1CCCCC1	Monoamine oxidase inhibitor
BRD-K83794624	COc1cccc2C(=O)c3c(O)c4C[C@](O)(C[C@H](O[C@H]5C[C@H](N)[C@H](O[C@@H]6CCCCO6)[C@H](C)O5)c4c(O)c3C(=O)c12)C(=O)CO	Topoisomerase inhibitor
BRD-K25224017	Cc1nc2ccccn2c(=O)c1CCN1CCC(CC1)C(=O)c1ccc(F)cc1	Serotonin receptor antagonist
BRD-K89375097	CN1CCN(CC(=O)N2c3ccccc3C(=O)Nc3cccnc23)CC1	Acetylcholine receptor antagonist
BRD-K47936004	C(N1CCN(CC1)c1ncccn1)c1ccc2OCOc2c1	Dopamine receptor agonist
BRD-K01902415	Cc1cccc(Nc2cc(Cl)nc(SCC(O)=O)n2)c1C	PPAR receptor agonist
BRD-A54490543	Cc1ccc2n3CCNC4CCCc(c34)c2c1	Monoamine oxidase inhibitor
BRD-K67100011	CC(C)(C)C(=O)OCOC(=O)[C@@H]1N2[C@H](SC1(C)C)[C@H](N=CN1CCCCCC1)C2=O	Bacterial cell wall synthesis inhibitor
BRD-K75958195	CN1CCC(CC1)=C1c2ccsc2CCc2ccccc12	Serotonin receptor antagonist
BRD-A41304429	CC(C)NCC(O)COc1ccc(NC(C)=O)cc1	Adrenergic receptor antagonist
BRD-K06388322	CCCN[C@H]1CCc2nc(N)sc2C1	Dopamine receptor agonist
BRD-K49111258	COc1cc2nc(nc(N)c2cc1OC)N3CCN(CC3)C(=O)c4ccco4	Adrenergic receptor antagonist
BRD-K17378184	COc1ccccc1N1CCN(CCCCNC(=O)c2ccc3ccccc3c2)CC1	Dopamine receptor agonist
BRD-A53952395	CCCNC(C)C(=O)Nc1ccccc1C	Local anesthetic
BRD-K13032584	CNNCc1ccc(cc1)C(=O)NC(C)C	Monoamine oxidase inhibitor
BRD-A22684332	CCC(NC(C)C)C(O)c1ccc(O)c2[nH]c(=O)ccc12	Adrenergic receptor agonist
BRD-K19352500	CN1CCN(CCCN2c3ccccc3Sc3ccc(Cl)cc23)CC1	Dopamine receptor antagonist
BRD-A31800922	OC(CCN1CCCC1)(C1CCCCC1)c1ccccc1	Acetylcholine receptor antagonist
BRD-K06980535	CN(C)CCCN1c2ccccc2Sc2ccccc12	Dopamine receptor antagonist
BRD-K90885812	CC(C)[N+](C)(CCOC(=O)C1c2ccccc2Oc2ccccc12)C(C)C	Acetylcholine receptor antagonist
BRD-K18250272	CCCOc1cc(N)ccc1C(=O)OCCN(CC)CC	Local anesthetic
BRD-A10070317	CC(C)NCC(O)COc1cccc2ccccc12	Adrenergic receptor antagonist
BRD-A34806832	C[C@@H]1O[C@@H](O[C@H]2CC[C@]3(C)C4CC[C@]5(C)[C@H](CC[C@]5(O)C4CCC3=C2)c6ccc(=O)oc6)[C@H](O)[C@H](O)[C@H]1O	ATPase inhibitor
BRD-K83302049	CN1CCc2cc3OCOc3cc2C(=O)Cc4ccc5OCOc5c4C1	Histamine receptor antagonist
BRD-K84175871	CN[C@@H](C)[C@@H](O)c1ccccc1	Adrenergic receptor agonist
BRD-K50836978	CC(C)[C@H](CO)Nc1nc(Nc2cccc(Cl)c2)c2ncn(C(C)C)c2n1	CDK inhibitor
BRD-K10016611	CN1C=CC=CC1=C/N=O	Acetylcholinesterase inhibitor
BRD-M86331534	CN(C)c1ccc2[n+](C)c(CCc3cc(C)n(c3C)-c3ccccc3)ccc2c1	AKT inhibitor
BRD-K68867920	OCCOCCN1CCN(CC1)C1=Nc2ccccc2Sc2ccccc12	Dopamine receptor antagonist
BRD-K72222507	CCOC(=O)[C@H](CCc1ccccc1)N[C@@H](C)C(=O)N1Cc2ccccc2C[C@H]1C(O)=O	ACE inhibitor
BRD-K73391359	CCCCc1cc2ccccc2c(OCCN(C)C)n1	Local anesthetic
BRD-A85280935	CCCN1CCCC2Cc3n[nH]cc3CC21	Dopamine receptor agonist
BRD-K26548821	CCCN1CCC[C@@H]2Cc3n[nH]cc3C[C@@H]12	Dopamine receptor agonist
BRD-K62056274	CN1CCN(CC1)c1ccc2ccccc2n1	Serotonin receptor agonist
BRD-K77925998	C1CN(CCN1)c1ccc2ccccc2n1	Serotonin receptor agonist
BRD-K13544237	CCCN1CCc2cccc-3c2[C@H]1Cc4ccc(O)c(O)c43	Dopamine receptor agonist
BRD-A39390670	COCCCOc1ccnc(CS(=O)c2nc3ccccc3[nH]2)c1C	ATPase inhibitor
BRD-A54236247	CNC(C)C(O)c1ccccc1	Adrenergic receptor agonist
BRD-K04111260	CCN1CCC[C@H]1CNC(=O)c1c(O)c(Cl)cc(Cl)c1OC	Dopamine receptor antagonist
BRD-K63828191	Oc1ccc(cc1)-c1sc2cc(O)ccc2c1C(=O)c1ccc(OCCN2CCCCC2)cc1	Estrogen receptor antagonist
BRD-K89348303	CCOC(=O)[C@H](CCc1ccccc1)N[C@@H](C)C(=O)N1[C@H]2CCC[C@H]2C[C@H]1C(O)=O	ACE inhibitor
BRD-K70505054	CNC(NCCSCc1ccc(CN(C)C)o1)=C/[N+]([O-])=O	Histamine receptor antagonist
BRD-A43974499	CCOc1ccccc1OC(C2CNCCO2)c3ccccc3	Adrenergic receptor antagonist
BRD-K54094468	CCN1CCC[C@H]1CNC(=O)c1c(OC)ccc(Br)c1OC	Dopamine receptor antagonist
BRD-K52930707	CO[C@H]1[C@@H](C[C@@H]2CN3CCc4c([nH]c5cc(OC)ccc45)[C@H]3C[C@@H]2[C@@H]1C(=O)OC)OC(=O)/C=C/c6cc(OC)c(OC)c(OC)c6	ACE inhibitor
BRD-K85603128	CC(=O)Oc1cccc(O)c1	Phosphodiesterase inhibitor
BRD-K01638814	C1CC1C(NC1=NCCO1)C1CC1	Adrenergic receptor agonist
BRD-K53857191	Cc1nc2CCCCn2c(=O)c1CCN1CCC(CC1)c1noc2cc(F)ccc12	Dopamine receptor antagonist
BRD-K40887525	Cc1nc2sccn2c(=O)c1CCN1CCC(CC1)=C(c1ccc(F)cc1)c1ccc(F)cc1	Serotonin receptor antagonist
BRD-A59174698	CC(NCCc1ccc(O)cc1)C(O)c1ccc(O)cc1	Adrenergic receptor agonist
BRD-K75699339	CN(C)CCc1c[nH]c2ccc(Cn3cncn3)cc12	Serotonin receptor agonist
BRD-A34255068	COc1ccc(cc1OC1CCCC1)C1CNC(=O)C1	Phosphodiesterase inhibitor
BRD-K15933101	CCCN(CCC)CCc1cccc2NC(=O)Cc12	Dopamine receptor agonist
BRD-K07691486	CC[C@H](CO)Nc1nc(NCc2ccccc2)c2ncn(C(C)C)c2n1	CDK inhibitor
BRD-K81855038	CC(=O)OCC(=O)NCCCOc1cccc(CN2CCCCC2)c1	Histamine receptor antagonist
BRD-K62374253	CN1CCN(CC1)c1c(F)cc2c3c1SCCn3cc(C(O)=O)c2=O	Bacterial DNA gyrase inhibitor
BRD-K20482099	C[C@@H]1O[C@@H](OC[C@H]2O[C@@H](Oc3c(oc4cc(O)cc(O)c4c3=O)-c3ccc(O)c(O)c3)[C@H](O)[C@@H](O)[C@@H]2O)[C@H](O)[C@H](O)[C@H]1O	Antioxidant
BRD-A88254928	CC(C)(C)NCC(O)c1ccc(O)c(CO)c1	Adrenergic receptor agonist
BRD-A01320529	OCc1cc(ccc1O)C(O)CNCCCCCCOCCCCc1ccccc1	Adrenergic receptor agonist
BRD-K99595596	C[C@@H]1NCCc2cc(O)c(O)cc12	Monoamine oxidase inhibitor
BRD-A89434049	CC12C[C@@H](O)C3C(CCC4CC(O)CCC43C)C2(O)CCC1C5=CC(=O)OC5	ATPase inhibitor
BRD-A62035778	CN1C2C[C@@H](C[C@H]1[C@H]1OC21)OC(=O)[C@H](CO)c1ccccc1	Acetylcholine receptor antagonist
BRD-A49906757	C[N+]1([O-])[C@H]2C[C@@H](C[C@@H]1[C@H]1O[C@@H]21)OC(=O)[C@H](CO)c1ccccc1	Acetylcholine receptor antagonist
BRD-A92161634	CN1[C@H]2CC3CC1C(O)C2O3	Acetylcholine receptor antagonist
BRD-K62609077	COc1ccc2C[C@@H]3N(CCc4cc(OC)c(O)cc34)Cc2c1O	Adrenergic receptor antagonist
BRD-A70083328	CC(O)Cn1c(C)ncc1[N+]([O-])=O	Acetylcholinesterase inhibitor
BRD-K91733562	COc1cc(C[C@@H](CO)[C@H](CO)Cc2ccc(O)c(OC)c2)ccc1O	Antioxidant
BRD-K86434416	C[C@H](Cc1ccccc1)N(C)CC#C	Monoamine oxidase inhibitor
BRD-K82036761	CN[C@H]1CC[C@@H](c2ccc(Cl)c(Cl)c2)c2ccccc12	Serotonin receptor antagonist
BRD-A62071884	CNC(NC#N)=N/c1ccc(cc1)C1=NNC(=O)CC1C	Phosphodiesterase inhibitor
BRD-K50128260	CCCc1nn(C)c2c1[nH]c(nc2=O)-c1cc(ccc1OCC)S(=O)(=O)N1CCN(C)CC1	Phosphodiesterase inhibitor
BRD-K25741894	COc1ccc2c(OC)c3ccoc3nc2c1OC	Acetylcholinesterase inhibitor
BRD-K70881766	C[C@H]1[C@H]2[C@H](C[C@H]3[C@@H]4CC=C5C[C@H](CC[C@]5(C)[C@H]4CC[C@]23C)O[C@@H]6O[C@H](CO)[C@H](O)[C@H](O[C@@H]7O[C@H](CO)[C@@H](O)[C@H](O)[C@H]7O)[C@H]6O[C@@H]8O[C@@H](C)[C@H](O)[C@@H](O)[C@H]8O)N9C[C@@H](C)CC[C@H]19	Acetylcholinesterase inhibitor
BRD-A54596827	O=C(O[C@H]1CN2CCC1CC2)C1NCc2ccccc2[C@@H]1c1ccccc1	Acetylcholine receptor antagonist
BRD-A33168282	CC(C)NCC(O)c1ccc(NS(C)(=O)=O)cc1	Adrenergic receptor antagonist
BRD-K55468218	Fc1ccc(cc1)C(=O)CCCN1CCC2(CC1)N(CNC2=O)c1ccccc1	Dopamine receptor antagonist
BRD-K94512704	Fc1ccc(OCCCN2CCC3(CC2)N(CNC3=O)c4ccccc4)cc1	Dopamine receptor antagonist
BRD-A72483914	O=C1NCN(c2ccccc2)C11CCN(CC2COc3ccccc3O2)CC1	Serotonin receptor antagonist
BRD-K84595254	C[C@@]12CC[C@H]3[C@@H](CC[C@]4(O)C[C@@H](O)CC[C@]34C=O)[C@@]2(O)CC[C@@H]1C5=CC(=O)OC5	ATPase inhibitor
BRD-A09094913	O=C1CC2OCC=C3CN4CC[C@@]56C4C[C@@H]3[C@@H]2C5N1c1ccccc61	Acetylcholine receptor antagonist
BRD-A34205397	CCCCCCCCNC(C)C(O)c1ccc(SC(C)C)cc1	Adrenergic receptor antagonist
BRD-A10715913	CCN1CCC(CNC(=O)c2cc(ccc2OC)S(=O)(=O)N)C1	Dopamine receptor antagonist
BRD-K51671335	CCN1CCC[C@H]1CNC(=O)c1cc(ccc1OC)S(N)(=O)=O	Dopamine receptor antagonist
BRD-K50938287	CNS(=O)(=O)Cc1ccc2[nH]cc(CCN(C)C)c2c1	Serotonin receptor agonist
BRD-A04327189	CNCC(O)c1ccc(O)cc1	Adrenergic receptor agonist
BRD-K81473089	Nc1c2CCCCc2nc2ccccc12	Acetylcholinesterase inhibitor
BRD-K93645900	CN1CC(=O)N2[C@H](Cc3c([nH]c4ccccc34)[C@H]2c2ccc3OCOc3c2)C1=O	Phosphodiesterase inhibitor
BRD-A10303790	CC1(C)S[C@@H]2[C@H](NC(=O)[C@H](N)c3ccccc3)C(=O)N2[C@H]1C(=O)OC4OC(=O)c5ccccc45	Bacterial cell wall synthesis inhibitor
BRD-K75615183	Nc1nc2CCN(CC=C)CCc2s1	Adrenergic receptor agonist
BRD-K04210847	CC/C(=C(c1ccc(O)cc1)/c2ccc(OCCN(C)C)cc2)/c3ccccc3	Estrogen receptor antagonist
BRD-K06147391	CN1CCN(CC(=O)N2c3c(C)scc3C(=O)Nc3ccccc23)CC1	Acetylcholine receptor antagonist
BRD-A35588707	COc1cc(cc(OC)c1O)[C@H]1[C@@H]2C(COC2=O)C(O[C@@H]2O[C@@H]3CO[C@H](OC3[C@H](O)[C@H]2O)c2cccs2)c2cc3OCOc3cc12	Topoisomerase inhibitor
BRD-A22256192	COc1cc2nc(nc(N)c2cc1OC)N1CCN(CC1)C(=O)C1CCCO1	Adrenergic receptor antagonist
BRD-A50157456	CC(C)(C)NCC(O)c1cc(O)cc(O)c1	Adrenergic receptor agonist
BRD-A06352418	CC(C)(C)c1ccc(cc1)C(O)CCCN1CCC(CC1)C(O)(c1ccccc1)c1ccccc1	Histamine receptor antagonist
BRD-K05901394	CCN(CC)C(=O)N[C@@H]1C[C@H]2[C@@H](Cc3c[nH]c4cccc2c34)N(C)C1	Dopamine receptor agonist
BRD-A52660433	C1CCC(CC1)c1ccc2n3CCNC4CCCc(c34)c2c1	Monoamine oxidase inhibitor
BRD-A28856712	C1CN=C(N1)C1CCCc2ccccc12	Adrenergic receptor agonist
BRD-A62809825	CCCCCCCC(=O)OC1C(OC(=O)/C(=C/C)/C)C(=C2C3OC(=O)C(C)(O)C3(O)C(CC(C)(OC(=O)C)C12)OC(=O)CCC)C	ATPase inhibitor
BRD-K69600043	CCSc1ccc2Sc3ccccc3N(CCCN3CCN(C)CC3)c2c1	Dopamine receptor antagonist
BRD-K63874012	S=C(NC1CCCCC1)N1CCC(CC1)c1c[nH]cn1	Histamine receptor antagonist
BRD-K08619574	CN(C)S(=O)(=O)c1ccc2Sc3ccccc3N(CCCN3CCN(C)CC3)c2c1	Dopamine receptor antagonist
BRD-A84481105	CSc1ccc2Sc3ccccc3N(CCC3CCCCN3C)c2c1	Dopamine receptor antagonist
BRD-K97309399	CN(C)S(=O)(=O)c1ccc2Sc3ccccc3C(=C/CCN3CCN(C)CC3)c2c1	Dopamine receptor antagonist
BRD-K08806317	CC(C)(C)NC[C@H](O)COc1nsnc1N1CCOCC1	Adrenergic receptor antagonist
BRD-K11107424	CNC(=NC#N)NCCSCc1csc(N=C(N)N)n1	Histamine receptor antagonist
BRD-K06335600	Clc1ccc2nsnc2c1NC1=NCCN1	Adrenergic receptor agonist
BRD-K46211610	C(C1=NCCN1)c1ccccc1	Adrenergic receptor antagonist
BRD-K54316499	CC(C)N(CC[C@H](c1ccccc1)c1cc(C)ccc1O)C(C)C	Acetylcholine receptor antagonist
BRD-K29653726	CC1(C)O[C@@H]2CO[C@@]3(COS(N)(=O)=O)OC(C)(C)O[C@H]3[C@@H]2O1	Carbonic anhydrase inhibitor
BRD-A59985574	CCC1(O)C(=O)OCc2c1cc1-c3nc4ccc(O)c(CN(C)C)c4cc3Cn1c2=O	Topoisomerase inhibitor
BRD-K67174588	CN(C)CCOc1ccc(cc1)C(=C(/CCCl)c1ccccc1)c1ccccc1	Estrogen receptor antagonist
BRD-A41450521	NC1CCN(C1)c1nc2n(cc(C(O)=O)c(=O)c2cc1F)-c1ccc(F)cc1F	Bacterial DNA gyrase inhibitor
BRD-K04412738	COc1cccc(c1)[C@@]2(O)CCCC[C@@H]2CN(C)C	Norepinephrine reuptake inhibitor
BRD-A43974575	NC1C[C@H]1c1ccccc1	Monoamine oxidase inhibitor
BRD-K70778732	Clc1cccc(c1)N1CCN(CCCn2nc3ccccn3c2=O)CC1	Adrenergic receptor antagonist
BRD-K08619838	C(C#CCN1CCCC1)N1CCCC1	Acetylcholine receptor agonist
BRD-K84663978	COc1cc2CCn3c(cc(=N/c4c(C)cc(C)cc4C)n(C)c3=O)-c2cc1OC	Phosphodiesterase inhibitor
BRD-K80527266	CCCC=CCC=CC=CC=NN[NH2+][O-]	Adrenergic receptor antagonist
BRD-K80431395	Cn1nc(N)c2cn([C@@H]3O[C@H](CO)[C@@H](O)[C@H]3O)c3ncnc1c23	AKT inhibitor
BRD-K89732114	CN1CCN(CCCN2c3ccccc3Sc3ccc(cc23)C(F)(F)F)CC1	Dopamine receptor antagonist
BRD-K63675182	CN(C)CCCN1c2ccccc2Sc2ccc(cc12)C(F)(F)F	Dopamine receptor antagonist
BRD-K34415467	COc1cc(cc(OC)c1OC)C(=O)NCc1ccc(OCCN(C)C)cc1	Histamine receptor antagonist
BRD-A19195498	CC(CN(C)C)CN1c2ccccc2CCc2ccccc12	Norepinephrine reuptake inhibitor
BRD-K57033106	CN(C)CCN(Cc1ccccc1)c1ccccn1	Histamine receptor antagonist
BRD-K11742128	Cc1ccc(cc1)C(=C/CN1CCCC1)c1ccccn1	Histamine receptor antagonist
BRD-A84389633	CN1C2CCC1CC(C2)OC(=O)c1cc(C)cc(C)c1	Serotonin receptor antagonist
BRD-A79672927	CCN(Cc1ccncc1)C(=O)C(CO)c1ccccc1	Acetylcholine receptor antagonist
BRD-K50866992	CN1[C@H]2CC[C@@H]1C[C@@H](C2)OC(=O)c3c[nH]c4ccccc34	Serotonin receptor antagonist
BRD-K02607075	COc1cc2CC[N+](C)(C)[C@@H]3Cc4ccc(O)c(Oc5cc6[C@H](Cc7cccc(Oc(c1O)c32)c7)N(C)CCc6cc5OC)c4	Acetylcholine receptor antagonist
BRD-K08132273	COc1cc(C=C(C#N)C(=O)N)cc(CSc2nc3ccccc3s2)c1O	EGFR inhibitor
BRD-K41996876	COc1ccc(C=C(C#N)C#N)cc1	EGFR inhibitor
BRD-K96778649	NC(=S)/C(=C/c1ccc(O)c(O)c1)/C#N	EGFR inhibitor
BRD-K47943470	NC(=C(C#N)C#N)/C(=C/c1cc(O)c(O)c(O)c1)/C#N	EGFR inhibitor
BRD-K68336408	COc1cc2ncnc(Nc3cccc(Cl)c3)c2cc1OC	EGFR inhibitor
BRD-K49657628	Oc1ccc(C=C(C#N)C#N)cc1O	EGFR inhibitor
BRD-K34533029	Oc1ccc(cc1O)C=C(/C#N)C(=O)Nc1ccccc1	EGFR inhibitor
BRD-K72783841	Oc1ccc(C=C(C#N)C(=O)NCCCc2ccccc2)cc1O	EGFR inhibitor
BRD-K14441456	Oc1ccc(C=C(C#N)C(=O)NCCCCc2ccccc2)cc1O	EGFR inhibitor
BRD-K03670461	Oc1cc(C=C(C#N)C#N)cc(O)c1O	EGFR inhibitor
BRD-K11158509	C[C@@H](NC(=O)/C(=Cc1ccc(O)c(O)c1)/C#N)c2ccccc2	EGFR inhibitor
BRD-K73196317	COc1ccccc1N1CCN(CCCNc2cc(=O)n(C)c(=O)n2C)CC1	Adrenergic receptor antagonist
BRD-K13926615	CCCc1nc(C)c2n1nc([nH]c2=O)-c1cc(ccc1OCC)S(=O)(=O)N1CCN(CC)CC1	Phosphodiesterase inhibitor
BRD-K18855837	C1[C@H]2CNC[C@@H]1c1cc3nccnc3cc21	Acetylcholine receptor agonist
BRD-K61341215	CC(=O)O[C@H]1[C@H](C[C@@H]2[C@H]3CC[C@@H]4C[C@H](OC(C)=O)[C@H](C[C@@]4(C)[C@@H]3CC[C@@]12C)N1CCCCC1)[N+]1(C)CCCCC1	Acetylcholine receptor antagonist
BRD-K14765469	O[C@@H]1CCCC[C@H]1N1CCC(CC1)c1ccccc1	Acetylcholinesterase inhibitor
BRD-K40227168	CC[C@@]12CCCN3CCc4c([C@H]13)n(C(=O)C2)c1ccccc41	Adrenergic receptor antagonist
BRD-K40902647	CC[C@]1(CCCN2CCc3c4[C@@H]21)C[C@](O)(C(=O)OC)n4c5ccccc35	Adrenergic receptor antagonist
BRD-K53318339	CCOC(=O)C1=C[C@]2(CC)CCCN3CCc4c([C@H]23)n1c1ccccc41	Phosphodiesterase inhibitor
BRD-A41941932	OC[C@H]1OC([C@H](O)[C@@H](O)[C@@H]1O)c2c(O)cc(O)c3c(=O)cc(oc23)c4ccc(O)cc4	Antioxidant
BRD-K88358234	FC(F)(F)c1cccc(c1)C1=CCN(CCc2ccc3ccccc3c2)CC1	Serotonin receptor agonist
BRD-K77390737	COc1cc(O)c(CC=C(C)C)c(O)c1C(=O)/C=C/c2ccc(O)cc2	ATPase inhibitor
BRD-K21565985	Cc1cccc(C)c1NC1=NCCCS1	Adrenergic receptor agonist
BRD-A51410489	COC(=O)C1C(O)CCC2CN3CCc4c([nH]c5ccccc45)C3CC12	Adrenergic receptor antagonist
BRD-A65615053	COc1cc(N)c(Cl)cc1C(=O)NC1CN2CCC1CC2	Serotonin receptor antagonist
BRD-K80451230	C(Cc1ccc2OCOc2c1)N1CCC[C@H](C1)OC(c1ccccc1)c1ccccc1	Acetylcholine receptor antagonist
BRD-K12516989	CCCOc1ccccc1c2nc3nn[nH]c3c(=O)[nH]2	Phosphodiesterase inhibitor
BRD-K37561857	COc1cc(ccc1OC(F)F)-c1ccc(=O)[nH]n1	Phosphodiesterase inhibitor
BRD-K29582115	Clc1cc2NC(=O)Cc2cc1CCN1CCN(CC1)c1nsc2ccccc12	Dopamine receptor antagonist
BRD-K08996725	C(CNc1nc2ccccc2s1)COc1cccc(CN2CCCCC2)c1	Histamine receptor antagonist
BRD-K54314721	CN(C)CCc1c[nH]c2ccc(C[C@H]3COC(=O)N3)cc12	Serotonin receptor agonist
BRD-K28761384	OCCN1CCN(CCC=C2c3ccccc3Sc3ccc(Cl)cc23)CC1	Dopamine receptor antagonist
BRD-K31491153	NC(=N)NC(=N)Nc1ccccc1	Serotonin receptor agonist
BRD-K05396879	CCCCC/C=C/C=C/1[C@@H](C/C=CCCCC(=O)O)C=CC1=O	PPAR receptor agonist
BRD-K13087974	O=C1NC(=O)c2cc(Nc3ccccc3)c(Nc3ccccc3)cc12	EGFR inhibitor
BRD-K30197592	COc1ccc2[nH]cc(CCN)c2c1	Serotonin receptor agonist
BRD-K08219523	CCCCCCCCCOc1ccc2[nH]cc(CCN)c2c1	Serotonin receptor agonist
